[
{
  "model": "admin.logentry",
  "pk": 1,
  "fields": {
    "action_time": "2025-06-02T06:58:28.732Z",
    "user": [
      "admin"
    ],
    "content_type": [
      "accounts",
      "customuser"
    ],
    "object_id": "44",
    "object_repr": "staff4",
    "action_flag": 2,
    "change_message": "[]"
  }
},
{
  "model": "sessions.session",
  "pk": "y7wmyo613zmj8mz2smf8xqyyylfvg3jd",
  "fields": {
    "session_data": ".eJxVjEEOwiAQRe_C2pAOwoAu3XuGZmAGqRpISrsy3l2bdKHb_977LzXSupRx7TKPE6uzOqnD7xYpPaRugO9Ub02nVpd5inpT9E67vjaW52V3_w4K9fKtxTpx3h4lAHjmCDG6DAkEXcjWIXqf2QgKDWJNCCkhZXQJDfBA0av3B-7bOEE:1uA15j:onLDaA23xPdkXFJG3L71G5dx_vODMdmPrIiVcYmoC6M",
    "expire_date": "2025-05-14T06:38:47.182Z"
  }
},
{
  "model": "sessions.session",
  "pk": "4ytzqx8p5w686c2qfkrtaxvhpi1cgbml",
  "fields": {
    "session_data": ".eJxVjDEOAiEQRe9CbYgMQRhLe89AZhiQVQPJslsZ766bbKHtf-_9l4q0LjWuI89xEnVWQR1-N6b0yG0Dcqd26zr1tswT603ROx362iU_L7v7d1Bp1G99zFKyEw9YWAxJKewQnXWGgwUEASZIzORzSj5ICBYtkCHvTsgg6v0BGMc40Q:1uAjI1:5278GyKoEBoo-70bEIr7pGIjf_Nd01lMNkeirdRoSgE",
    "expire_date": "2025-05-16T05:50:25.438Z"
  }
},
{
  "model": "sessions.session",
  "pk": "0y2rhpr36z62wemr67m7o4gsyb5qlj0g",
  "fields": {
    "session_data": ".eJxVjDsOwjAQBe_iGln-RV5T0nMGa-1d4wBypDipIu5OIqWA9s3M20TEdalx7TzHkcRVaCUuv2PC_OJ2EHpie0wyT22ZxyQPRZ60y_tE_L6d7t9BxV73OgGHQspZCGydIQVeFTSUHXung9MMaDyYHfpCXtuSmS3YQWMOQ0ni8wUBFjgV:1uBqWd:zL507gTOdNui1JxGlynKkqlLuIE8hIPWoS2KJcIY56s",
    "expire_date": "2025-05-19T07:46:07.267Z"
  }
},
{
  "model": "sessions.session",
  "pk": "en8k19ldgiqjy61vaspu1gxu0x8xd2xm",
  "fields": {
    "session_data": ".eJxVjMsOwiAQRf-FtSE8pox16b7fQBgGpGogKe3K-O_apAvd3nPOfQkftrX4rafFzywuApQ4_Y4U4iPVnfA91FuTsdV1mUnuijxol1Pj9Lwe7t9BCb18azVGMBgwonJnxGQQCEkxIGU9uIxmRCbgpCGSG5SxrBGyCzZbArTi_QHu6zd8:1uCB7f:ZaiMP2wzQ3ETVq8Z6VUYVRcSaCxb-UvbUGdzHNTmcl4",
    "expire_date": "2025-05-20T05:45:43.808Z"
  }
},
{
  "model": "sessions.session",
  "pk": "4vas7u4h11zmyspc4bkhk1d58jd8zox7",
  "fields": {
    "session_data": ".eJxVjDsOgzAQBe_iOrJY22BImZ4zWOv1c0wSgcSninL3gESRtG9m3lsF3tYStgVzGJK6KlKX3y2yPDEeID14vE9apnGdh6gPRZ900f2U8Lqd7t9B4aXsNbJ4B9jc1ZKlriDGVHDUOSIjkZz13KIRJrMrpoqxRUYD64nBxqvPF__pOIY:1uCF8k:o_LgMsFf2omhHbrEXmXUoRgEIfy76z72J8hVCpD_JH0",
    "expire_date": "2025-05-20T10:03:06.394Z"
  }
},
{
  "model": "sessions.session",
  "pk": "lqg3993p6sadaxpymlf7x4f8zeeyhwn3",
  "fields": {
    "session_data": ".eJxVjDEOAiEQRe9CbYgMQRhLe89AZhiQVQPJslsZ766bbKHtf-_9l4q0LjWuI89xEnVWQR1-N6b0yG0Dcqd26zr1tswT603ROx362iU_L7v7d1Bp1G99zFKyEw9YWAxJKewQnXWGgwUEASZIzORzSj5ICBYtkCHvTsgg6v0BGMc40Q:1uDGPB:CVYAb-1kiZpA4P80KntS8DPsQyhKQNgf6cOW7B2WKk0",
    "expire_date": "2025-05-23T05:36:17.680Z"
  }
},
{
  "model": "sessions.session",
  "pk": "p0sykid45mh4f3sw5d5yg1s5795zgpy8",
  "fields": {
    "session_data": ".eJxVjDsOgzAQBe_iOrJY22BImZ4zWOv1c0wSgcSninL3gESRtG9m3lsF3tYStgVzGJK6KlKX3y2yPDEeID14vE9apnGdh6gPRZ900f2U8Lqd7t9B4aXsNbJ4B9jc1ZKlriDGVHDUOSIjkZz13KIRJrMrpoqxRUYD64nBxqvPF__pOIY:1uDGRV:L5hMyQi7EY--ZJ1JbbnazlNaEHjU6OufubF7_SRvKdo",
    "expire_date": "2025-05-23T05:38:41.968Z"
  }
},
{
  "model": "sessions.session",
  "pk": "k3v1xmjuok9ydb2zkwiaacdlw9m7hlsr",
  "fields": {
    "session_data": ".eJxVjDsOwjAQBe_iGlkx6y8lPWewdv3BAWRLcVIh7o4jpYD2zcx7M4_bWvzW0-LnyC5MAjv9joThmepO4gPrvfHQ6rrMxHeFH7TzW4vpdT3cv4OCvYyarFEGJExIiE6bPFLKaAXQdFZKajDBgXQxDJFAahOFJSuzSFoJ4djnCwRjN4I:1uGCZ9:qKyZu0hb2R8JOHNdkmtS7rzG-PipsLUm7ltq6oOSgHA",
    "expire_date": "2025-05-31T08:06:43.349Z"
  }
},
{
  "model": "sessions.session",
  "pk": "3d87kvt50sr7f5llpiakuetb4pype92y",
  "fields": {
    "session_data": ".eJxVjEEOwiAURO_C2hDgUwou3fcM5PMBqRqalHZlvLs06UJnOe_NvJnHfSt-b2n1c2RXJgW7_JYB6ZnqQeID633htNRtnQM_FH7SxqclptftdP8OCrbS18KBA0KIOhLIHhiCFGScI8gyG5vHSEFgyNYag9jVpAGVVuMgnUrs8wX8Ozfv:1uGZZr:U2xKYhbqh8g3pEJiDNuvWVRlLGsz7ieGsPeN7iYppCI",
    "expire_date": "2025-06-01T08:40:59.530Z"
  }
},
{
  "model": "sessions.session",
  "pk": "nl9z8agumrt9xplw3m4phe0xvzxslv1h",
  "fields": {
    "session_data": ".eJxVjEEOwiAURO_C2hDgUwou3fcM5PMBqRqalHZlvLs06UJnOe_NvJnHfSt-b2n1c2RXJgW7_JYB6ZnqQeID633htNRtnQM_FH7SxqclptftdP8OCrbS18KBA0KIOhLIHhiCFGScI8gyG5vHSEFgyNYag9jVpAGVVuMgnUrs8wX8Ozfv:1uHI9K:MWQ99tBqbK2eUyLYmpu7_aDtDdSVo-9njED_fVNl1b0",
    "expire_date": "2025-06-03T08:16:34.206Z"
  }
},
{
  "model": "sessions.session",
  "pk": "7r73dpzdae9da33fgotg950doqb58zog",
  "fields": {
    "session_data": ".eJxVjEEOwiAURO_C2hDgUwou3fcM5PMBqRqalHZlvLs06UJnOe_NvJnHfSt-b2n1c2RXJgW7_JYB6ZnqQeID633htNRtnQM_FH7SxqclptftdP8OCrbS18KBA0KIOhLIHhiCFGScI8gyG5vHSEFgyNYag9jVpAGVVuMgnUrs8wX8Ozfv:1uMjkz:T-1FKVmiyN25C92FbOuX8CZpDQ9kWlqpRw8Psz58RM4",
    "expire_date": "2025-06-18T08:45:57.723Z"
  }
},
{
  "model": "sessions.session",
  "pk": "9ydsr06uwr8tcmqhokmnjd1k17co8vpf",
  "fields": {
    "session_data": ".eJxVjEEOwiAURO_C2hDgUwou3fcM5PMBqRqalHZlvLs06UJnOe_NvJnHfSt-b2n1c2RXJgW7_JYB6ZnqQeID633htNRtnQM_FH7SxqclptftdP8OCrbS18KBA0KIOhLIHhiCFGScI8gyG5vHSEFgyNYag9jVpAGVVuMgnUrs8wX8Ozfv:1uMjtS:UvsQCc07JzBwDYtNPtiNfnPCkBSzEjQRLWx8Pz3HSiM",
    "expire_date": "2025-06-18T08:54:42.404Z"
  }
},
{
  "model": "sessions.session",
  "pk": "mbggrbc7ws0esui4hyu74dxcp64zneh6",
  "fields": {
    "session_data": ".eJxVjEEOwiAURO_C2hDgUwou3fcM5PMBqRqalHZlvLs06UJnOe_NvJnHfSt-b2n1c2RXJgW7_JYB6ZnqQeID633htNRtnQM_FH7SxqclptftdP8OCrbS18KBA0KIOhLIHhiCFGScI8gyG5vHSEFgyNYag9jVpAGVVuMgnUrs8wX8Ozfv:1uMk1n:CnIg5h-Kxd4n3WqrETfQSMjRswqQD06VMzllgAOAC4g",
    "expire_date": "2025-06-18T09:03:19.215Z"
  }
},
{
  "model": "sessions.session",
  "pk": "dtwbtdj3l67lpbum9kzjuqar1ahsi6ef",
  "fields": {
    "session_data": ".eJxVjDsOgzAQBe_iOrJY22BImZ4zWOv1c0wSgcSninL3gESRtG9m3lsF3tYStgVzGJK6KlKX3y2yPDEeID14vE9apnGdh6gPRZ900f2U8Lqd7t9B4aXsNbJ4B9jc1ZKlriDGVHDUOSIjkZz13KIRJrMrpoqxRUYD64nBxqvPF__pOIY:1uMmUi:6_LRS9mYLiYA4ahRGusla41ac6CtNTn7aioSM20q6b4",
    "expire_date": "2025-06-18T11:41:20.137Z"
  }
},
{
  "model": "sessions.session",
  "pk": "16116lzfbbjxkvphxqcwcbnvwlasin4d",
  "fields": {
    "session_data": ".eJxVjDEOwjAMAP-SGUVxsJuUkb1vqJzYkAJqpaadEH9HkTrAene6txl538q4V13HSczFYDCnX5g4P3VuRh483xebl3lbp2RbYg9b7bCIvq5H-zcoXEv7skDv_Y0EMVOEziOAgghhgBQ9K6NTiTlDBw7UhZD4rARC1CuS-XwB95k3kw:1uioAK:xqut1h_NHZ3sMB4AYZwtp5kso2Q3oi4hkxK3itVEk8Q",
    "expire_date": "2025-08-18T05:55:20.803Z"
  }
},
{
  "model": "sessions.session",
  "pk": "41km9jzf9c4s4n69u7lhznbn3dmo0c0u",
  "fields": {
    "session_data": ".eJxVjEEOgjAURO_StWlKS2nr0r1nIP__TgU1kFBYGe-uJCx0O--9eametnXot4qlH7M6q8ao0-_IJA9MO8l3mm6zlnlal5H1ruiDVn2dM56Xw_07GKgO31pCCwoOXmx0zqClzkksEQk-B0hsUiQjkb0HQknFouMkwXZwntmq9wcZRji0:1urTwG:gvA4pac04OjnM1QVqyaDqMpULtq5V0PDOEdXoaxG7BU",
    "expire_date": "2025-09-11T04:08:40.906Z"
  }
},
{
  "model": "sessions.session",
  "pk": "rl9d0caocvtizxqdvyrmk8y95lf0w50p",
  "fields": {
    "session_data": ".eJxVjEEOgjAURO_StWlKS2nr0r1nIP__TgU1kFBYGe-uJCx0O--9eametnXot4qlH7M6q8ao0-_IJA9MO8l3mm6zlnlal5H1ruiDVn2dM56Xw_07GKgO31pCCwoOXmx0zqClzkksEQk-B0hsUiQjkb0HQknFouMkwXZwntmq9wcZRji0:1uti45:uEXLs5kUa0nYlRM-17fZJfAJY5dLrjwpp_JpdR4eJsU",
    "expire_date": "2025-09-17T07:37:57.609Z"
  }
},
{
  "model": "sessions.session",
  "pk": "ldraqp422pky9x22kvozj2d2kcgwy2dj",
  "fields": {
    "session_data": ".eJxVjEEOgjAURO_StWlKS2nr0r1nIP__TgU1kFBYGe-uJCx0O--9eametnXot4qlH7M6q8ao0-_IJA9MO8l3mm6zlnlal5H1ruiDVn2dM56Xw_07GKgO31pCCwoOXmx0zqClzkksEQk-B0hsUiQjkb0HQknFouMkwXZwntmq9wcZRji0:1v0wia:GQprZFRdD3OrG6Tb9tJK78Ew3GbAmxMFgCFtfLv-P80",
    "expire_date": "2025-10-07T06:41:40.355Z"
  }
},
{
  "model": "sessions.session",
  "pk": "bs2m4ksja8x1lithyqydo9qrtgddiilc",
  "fields": {
    "session_data": ".eJxVjDsOwjAQBe_iGlmOf-xS0ucMlr1e4wBypDipEHeHSCmgfTPzXiLEba1h67yEKYuLsCBOv2OK9OC2k3yP7TZLmtu6TEnuijxol-Oc-Xk93L-DGnv91kUDO5XBgDMerDa-WK8QyFFRhc-RDClA8pC1BpNgQEXJYvKMOPgi3h_uUTdz:1v20Hm:0bnzzWb2XV6GIyZosdcgAQAZhb4Q2Pjb11_wxuZCHDU",
    "expire_date": "2025-10-10T04:42:22.828Z"
  }
},
{
  "model": "sessions.session",
  "pk": "qaiq1obz8d9txg6ptzsgu2wgx93mfmnj",
  "fields": {
    "session_data": ".eJxVjE0OwiAYBe_C2hBaKBCX7j0D-f6QqoGktCvj3bVJF7p9M_NeKsG2lrR1WdLM6qyiOv1uCPSQugO-Q701Ta2uy4x6V_RBu742luflcP8OCvTyrZ3DkIEZUKz3Q8hCBBPxOBhhNBxDMJYcGbAjyUQQM3LEHJ0T76JX7w8l-DlO:1v5dC5:DgsTaczsOgxf96-AS9wpIRM8SQt4nEXYSX4nnNC-koo",
    "expire_date": "2025-10-20T04:51:29.319Z"
  }
},
{
  "model": "sessions.session",
  "pk": "dp7z4wvl2jui77aeiu9t190vdhjuljoq",
  "fields": {
    "session_data": ".eJxVjE0OwiAYBe_C2hBaKBCX7j0D-f6QqoGktCvj3bVJF7p9M_NeKsG2lrR1WdLM6qyiOv1uCPSQugO-Q701Ta2uy4x6V_RBu742luflcP8OCvTyrZ3DkIEZUKz3Q8hCBBPxOBhhNBxDMJYcGbAjyUQQM3LEHJ0T76JX7w8l-DlO:1v8b0d:eNZhHToMNSlssPShOUAZXAVoKtSk-6UNxRAAJ5AG2Pw",
    "expire_date": "2025-10-28T09:07:55.615Z"
  }
},
{
  "model": "sessions.session",
  "pk": "lsdqsun5av8uleyao3c3rl0w7248syk0",
  "fields": {
    "session_data": ".eJxVjDsOwyAQRO9CHSEMmE_K9D4DWpYlOIlAMnYV5e6xJRfJlPPezJsF2NYStk5LmBO7slGyy28ZAZ9UD5IeUO-NY6vrMkd-KPyknU8t0et2un8HBXrZ194ppQ2CExkwZSmzI1R7hNFikN5mGa0m4b2NyUVpXKJsR4UuK8CB2OcL_f04Fg:1vDeLR:6DIbO9FI04jhS7JkQR0mSlkkGUOolJJyj1NyufVT0pw",
    "expire_date": "2025-11-11T07:42:17.475Z"
  }
},
{
  "model": "sessions.session",
  "pk": "1m242ei0dix37g02w2pxbgojvbnvx939",
  "fields": {
    "session_data": ".eJxVjMsOwiAQRf-FtSHglJdL934DmYFBqoYmpV0Z_92QdKHbe865bxFx32rcO69xzuIitDj9boTpyW2A_MB2X2Ra2rbOJIciD9rlbcn8uh7u30HFXkftDQVvAYsHC0axDcX5syINmozKHDyipwmRk3EOlKZiCoSJs9XKsfh8AdQgN60:1vDeQp:omr6iFZO5iWeM_p_tJwQaIwbowknusU_UyodvYkc04Q",
    "expire_date": "2025-11-11T07:47:51.530Z"
  }
},
{
  "model": "sessions.session",
  "pk": "m4guvkrmp371fqztedv1ns0nvuh5x5rc",
  "fields": {
    "session_data": ".eJxVjE0OwiAYBe_C2hBaKBCX7j0D-f6QqoGktCvj3bVJF7p9M_NeKsG2lrR1WdLM6qyiOv1uCPSQugO-Q701Ta2uy4x6V_RBu742luflcP8OCvTyrZ3DkIEZUKz3Q8hCBBPxOBhhNBxDMJYcGbAjyUQQM3LEHJ0T76JX7w8l-DlO:1vDyfD:huyK3Ge9cQt4fkN5hjVSDpkI4nHkDFCLn4V9WiwGYcg",
    "expire_date": "2025-11-12T05:24:03.647Z"
  }
},
{
  "model": "sessions.session",
  "pk": "jhjblym3l8k7nhy06wot0bn5xxexub3j",
  "fields": {
    "session_data": ".eJxVjDsOwjAQBe_iGlk4m_WHkj5nsHbtNQ6gRIqTCnF3iJQC2jcz76UibWuNW5MljlldFPbq9DsypYdMO8l3mm6zTvO0LiPrXdEHbXqYszyvh_t3UKnVb32GZKCEkgCTYyQDJrnAvsNQLKIBcgHJi-WQqQPITpwFK2yIe59FvT_-xjgV:1vObMg:jcj6cSRETjtLq3vKjqTBEpatIUzlGlBWj4322jbqg-w",
    "expire_date": "2025-12-11T12:44:50.624Z"
  }
},
{
  "model": "accounts.department",
  "pk": 6,
  "fields": {
    "name": "DCS"
  }
},
{
  "model": "accounts.department",
  "pk": 7,
  "fields": {
    "name": "DMS (HM)"
  }
},
{
  "model": "accounts.department",
  "pk": 8,
  "fields": {
    "name": "DMS (BM)"
  }
},
{
  "model": "accounts.department",
  "pk": 9,
  "fields": {
    "name": "DC"
  }
},
{
  "model": "accounts.department",
  "pk": 10,
  "fields": {
    "name": "DAS"
  }
},
{
  "model": "accounts.department",
  "pk": 11,
  "fields": {
    "name": "DTE"
  }
},
{
  "model": "accounts.customuser",
  "fields": {
    "password": "pbkdf2_sha256$720000$BdQZNVVV0CITkaffIsHKsN$LxjYWaisanqXdS6lNfdFsRvgBiNxr4lD84diTk5iYYc=",
    "last_login": "2025-11-27T13:24:46.603Z",
    "is_superuser": false,
    "username": "Staff",
    "first_name": "",
    "last_name": "",
    "email": "estiradenniel003@gmail.com",
    "is_staff": false,
    "is_active": true,
    "date_joined": "2025-04-16T08:12:59.478Z",
    "account_type": "Staff Extensionist",
    "department": null,
    "full_name": "Diana Mae M. Belarmino",
    "contact_number": "0000000000",
    "profile_image": "",
    "gender": "female",
    "groups": [],
    "user_permissions": []
  }
},
{
  "model": "accounts.customuser",
  "fields": {
    "password": "pbkdf2_sha256$870000$cMBLvDI9xpPB2Zq3bf5dCc$RApuT/6lGFuewu7+v64+ujx1GbGRQSeds2F8cU5V/hM=",
    "last_login": "2025-06-02T06:57:54.721Z",
    "is_superuser": true,
    "username": "admin",
    "first_name": "",
    "last_name": "",
    "email": "admin@gmail.com",
    "is_staff": true,
    "is_active": true,
    "date_joined": "2025-04-18T03:48:52.337Z",
    "account_type": "",
    "department": null,
    "full_name": "Unnamed",
    "contact_number": "0000000000",
    "profile_image": "",
    "gender": null,
    "groups": [],
    "user_permissions": []
  }
},
{
  "model": "accounts.customuser",
  "fields": {
    "password": "pbkdf2_sha256$870000$sFbBLl3BqqfBqxiFDLWneF$waoIiC2eIi7Rh20yuT/Ot7YqWDmJ+fiJSF1hH7/R/ew=",
    "last_login": "2025-06-04T08:10:51.544Z",
    "is_superuser": false,
    "username": "Administrator",
    "first_name": "",
    "last_name": "",
    "email": "estiradenniel003@gmail.com",
    "is_staff": false,
    "is_active": true,
    "date_joined": "2025-04-18T06:46:43.530Z",
    "account_type": "Super Admin",
    "department": null,
    "full_name": "Menvyluz S. Macalalad",
    "contact_number": "0000000000",
    "profile_image": "",
    "gender": "female",
    "groups": [],
    "user_permissions": []
  }
},
{
  "model": "accounts.customuser",
  "fields": {
    "password": "pbkdf2_sha256$720000$8Pn0Nm9D0L0wXJmVC5XC09$9FOmIcwa9xXgvetz4sSOj2Xo6S5xVkhU1rf7+R05sq4=",
    "last_login": "2025-11-28T02:57:40.671Z",
    "is_superuser": false,
    "username": "Chairperson",
    "first_name": "",
    "last_name": "",
    "email": "estiradenniel003@gmail.com",
    "is_staff": false,
    "is_active": true,
    "date_joined": "2025-04-18T06:47:51.535Z",
    "account_type": "Campus Admin",
    "department": null,
    "full_name": "Janice A. Nealega",
    "contact_number": "0000000000",
    "profile_image": "",
    "gender": "female",
    "groups": [],
    "user_permissions": []
  }
},
{
  "model": "accounts.customuser",
  "fields": {
    "password": "pbkdf2_sha256$720000$SCWmQc7uoIEPG8qo3yxqbs$wXUx1Gopq9Z+7NOibJoYM05wny40FfqYHgqzlYc80lE=",
    "last_login": "2025-10-04T08:01:35.697Z",
    "is_superuser": false,
    "username": "DCS2",
    "first_name": "",
    "last_name": "",
    "email": "estiradenniel003@gmail.com",
    "is_staff": false,
    "is_active": true,
    "date_joined": "2025-04-18T06:55:47.742Z",
    "account_type": "Extensionist",
    "department": null,
    "full_name": "Liam Hernandez",
    "contact_number": "0000000000",
    "profile_image": "",
    "gender": "male",
    "groups": [],
    "user_permissions": []
  }
},
{
  "model": "accounts.customuser",
  "fields": {
    "password": "pbkdf2_sha256$870000$2HXfkz7FKlXIrGJiXR3rll$khYS/8yE/2hK4VOHWB4959IQbdSS5uH/9DZInRto6WI=",
    "last_login": "2025-06-02T08:15:21.760Z",
    "is_superuser": false,
    "username": "DCS3",
    "first_name": "",
    "last_name": "",
    "email": "estiradenniel003@gmail.com",
    "is_staff": false,
    "is_active": true,
    "date_joined": "2025-04-18T06:56:06.550Z",
    "account_type": "Extensionist",
    "department": null,
    "full_name": "Chloe Ramirez",
    "contact_number": "0000000000",
    "profile_image": "",
    "gender": "female",
    "groups": [],
    "user_permissions": []
  }
},
{
  "model": "accounts.customuser",
  "fields": {
    "password": "pbkdf2_sha256$870000$BNPWbs5xzQ6vNGPXLMVb1u$dIiHvjO3m3HaiBZqJCD5JtFwi1HvhlPdkvbuglodFY0=",
    "last_login": "2025-06-02T08:15:57.832Z",
    "is_superuser": false,
    "username": "DMS1",
    "first_name": "",
    "last_name": "",
    "email": "estiradenniel003@gmail.com",
    "is_staff": false,
    "is_active": true,
    "date_joined": "2025-04-18T06:56:54.080Z",
    "account_type": "Extensionist",
    "department": null,
    "full_name": "Mia Reyes",
    "contact_number": "0000000000",
    "profile_image": "",
    "gender": "female",
    "groups": [],
    "user_permissions": []
  }
},
{
  "model": "accounts.customuser",
  "fields": {
    "password": "pbkdf2_sha256$870000$IP02ZbVsH3MdPIzb01FDph$4vZ7wngJQAj5xZxO3MZbBikKtBnDD82SSeSSBknS+JE=",
    "last_login": "2025-06-02T08:16:25.495Z",
    "is_superuser": false,
    "username": "DMS2",
    "first_name": "",
    "last_name": "",
    "email": "estiradenniel003@gmail.com",
    "is_staff": false,
    "is_active": true,
    "date_joined": "2025-04-18T06:57:08.404Z",
    "account_type": "Extensionist",
    "department": null,
    "full_name": "Noah Garcia",
    "contact_number": "0000000000",
    "profile_image": "",
    "gender": "male",
    "groups": [],
    "user_permissions": []
  }
},
{
  "model": "accounts.customuser",
  "fields": {
    "password": "pbkdf2_sha256$870000$dFvlepRz3yrpQaI8IY3tZn$7xoj9H/1Pv8QT/BOaADP6UzNQB2KoJInldsjpbzcrzg=",
    "last_login": "2025-06-02T08:16:46.606Z",
    "is_superuser": false,
    "username": "DMS3",
    "first_name": "",
    "last_name": "",
    "email": "estiradenniel003@gmail.com",
    "is_staff": false,
    "is_active": true,
    "date_joined": "2025-04-18T06:57:23.666Z",
    "account_type": "Extensionist",
    "department": null,
    "full_name": "Sophia Torres",
    "contact_number": "0000000000",
    "profile_image": "",
    "gender": "female",
    "groups": [],
    "user_permissions": []
  }
},
{
  "model": "accounts.customuser",
  "fields": {
    "password": "pbkdf2_sha256$870000$ezK8guxdvHffGSFRXUhmuw$kzFMZQc3Lq254CNzRUhFk79H19pju0iTkU85iyN9R9g=",
    "last_login": "2025-06-02T08:17:02.892Z",
    "is_superuser": false,
    "username": "DC1",
    "first_name": "",
    "last_name": "",
    "email": "estiradenniel003@gmail.com",
    "is_staff": false,
    "is_active": true,
    "date_joined": "2025-04-18T07:09:08.182Z",
    "account_type": "Extensionist",
    "department": null,
    "full_name": "Lucas Mendoza",
    "contact_number": "0000000000",
    "profile_image": "",
    "gender": "male",
    "groups": [],
    "user_permissions": []
  }
},
{
  "model": "accounts.customuser",
  "fields": {
    "password": "pbkdf2_sha256$870000$ErOhB6BcQXOiGdGjKA2jpa$0+uy6dW+J3Hu4VrlER89blq5slH0GcaSDMl3dqXbyDA=",
    "last_login": "2025-06-02T08:17:44.156Z",
    "is_superuser": false,
    "username": "DC2",
    "first_name": "",
    "last_name": "",
    "email": "estiradenniel003@gmail.com",
    "is_staff": false,
    "is_active": true,
    "date_joined": "2025-04-18T07:09:24.527Z",
    "account_type": "Extensionist",
    "department": null,
    "full_name": "Amelia Castillo",
    "contact_number": "0000000000",
    "profile_image": "",
    "gender": "female",
    "groups": [],
    "user_permissions": []
  }
},
{
  "model": "accounts.customuser",
  "fields": {
    "password": "pbkdf2_sha256$870000$702X9oFheokfT2Mb8GeJa8$37YfxZsP6ErUt+1WWl4PTqZvPteFg7QGMAjSgLj2fGQ=",
    "last_login": "2025-06-02T08:18:01.306Z",
    "is_superuser": false,
    "username": "DC3",
    "first_name": "",
    "last_name": "",
    "email": "estiradenniel003@gmail.com",
    "is_staff": false,
    "is_active": true,
    "date_joined": "2025-04-18T07:09:38.024Z",
    "account_type": "Extensionist",
    "department": null,
    "full_name": "James Navarro",
    "contact_number": "0000000000",
    "profile_image": "",
    "gender": "male",
    "groups": [],
    "user_permissions": []
  }
},
{
  "model": "accounts.customuser",
  "fields": {
    "password": "pbkdf2_sha256$870000$ejTURRnQmmlE5GeUScf8VC$/F/LXvKE3K6gOEIrh4iGeUmUrgVqJ9bx41hwS+gTsOg=",
    "last_login": "2025-06-02T08:18:18.804Z",
    "is_superuser": false,
    "username": "DAS1",
    "first_name": "",
    "last_name": "",
    "email": "estiradenniel003@gmail.com",
    "is_staff": false,
    "is_active": true,
    "date_joined": "2025-04-18T07:09:53.148Z",
    "account_type": "Extensionist",
    "department": null,
    "full_name": "Olivia dela Cruz",
    "contact_number": "0000000000",
    "profile_image": "",
    "gender": "female",
    "groups": [],
    "user_permissions": []
  }
},
{
  "model": "accounts.customuser",
  "fields": {
    "password": "pbkdf2_sha256$870000$NDiXaFkmA2PgENA8qKHMEa$6wW9POlxrtD22IuYD18vap8wAqJ0gqEp1nAhMagFaH0=",
    "last_login": "2025-06-02T08:18:43.538Z",
    "is_superuser": false,
    "username": "DAS2",
    "first_name": "",
    "last_name": "",
    "email": "estiradenniel003@gmail.com",
    "is_staff": false,
    "is_active": true,
    "date_joined": "2025-04-18T07:10:13.649Z",
    "account_type": "Extensionist",
    "department": null,
    "full_name": "Benjamin Aquino",
    "contact_number": "0000000000",
    "profile_image": "",
    "gender": "male",
    "groups": [],
    "user_permissions": []
  }
},
{
  "model": "accounts.customuser",
  "fields": {
    "password": "pbkdf2_sha256$870000$95Oe8wBHbKXwnuMezPcqa3$a7jQqV4BAyL87pgxUjVWA41sNyyKVIgWusGwvaiRxlc=",
    "last_login": "2025-06-02T08:19:25.155Z",
    "is_superuser": false,
    "username": "DAS3",
    "first_name": "",
    "last_name": "",
    "email": "estiradenniel003@gmail.com",
    "is_staff": false,
    "is_active": true,
    "date_joined": "2025-04-18T07:10:33.657Z",
    "account_type": "Extensionist",
    "department": null,
    "full_name": "Emma Bautista",
    "contact_number": "0000000000",
    "profile_image": "",
    "gender": "female",
    "groups": [],
    "user_permissions": []
  }
},
{
  "model": "accounts.customuser",
  "fields": {
    "password": "pbkdf2_sha256$870000$YiNVO7hRE77cSYfL7mkyeO$rPVR6+PmmYPytXOYpXSxMZV75T6lKfwuhQyjuB+hiw4=",
    "last_login": "2025-06-02T08:19:46.981Z",
    "is_superuser": false,
    "username": "DTE1",
    "first_name": "",
    "last_name": "",
    "email": "estiradenniel003@gmail.com",
    "is_staff": false,
    "is_active": true,
    "date_joined": "2025-04-18T07:11:01.539Z",
    "account_type": "Extensionist",
    "department": null,
    "full_name": "Alexander Ramos",
    "contact_number": "0000000000",
    "profile_image": "",
    "gender": "male",
    "groups": [],
    "user_permissions": []
  }
},
{
  "model": "accounts.customuser",
  "fields": {
    "password": "pbkdf2_sha256$870000$tkI1w1U3d1vs8tIMm2TVXT$/JsCPvjCGD5w6XlRnx0eoEyPf2JgTQc0y5J0hXb35UQ=",
    "last_login": "2025-06-02T08:20:05.541Z",
    "is_superuser": false,
    "username": "DTE2",
    "first_name": "",
    "last_name": "",
    "email": "estiradenniel003@gmail.com",
    "is_staff": false,
    "is_active": true,
    "date_joined": "2025-04-18T07:11:21.194Z",
    "account_type": "Extensionist",
    "department": null,
    "full_name": "Ava Morales",
    "contact_number": "0000000000",
    "profile_image": "",
    "gender": "female",
    "groups": [],
    "user_permissions": []
  }
},
{
  "model": "accounts.customuser",
  "fields": {
    "password": "pbkdf2_sha256$870000$FjVcXlAnJpgDmrkDtcixj3$8LycahvHjOEcoI/rrWTlBG2sLw0P84w1UxvSUAvIbok=",
    "last_login": "2025-06-02T08:20:21.360Z",
    "is_superuser": false,
    "username": "DTE3",
    "first_name": "",
    "last_name": "",
    "email": "estiradenniel003@gmail.com",
    "is_staff": false,
    "is_active": true,
    "date_joined": "2025-04-18T07:11:36.303Z",
    "account_type": "Extensionist",
    "department": null,
    "full_name": "Daniel Flores",
    "contact_number": "0000000000",
    "profile_image": "",
    "gender": "male",
    "groups": [],
    "user_permissions": []
  }
},
{
  "model": "accounts.customuser",
  "fields": {
    "password": "pbkdf2_sha256$870000$2WpPnyXt3RQIFJfd4oty9R$Is3XUwLYUxW8hFf3lk7bfjCU4dbjVK0ygf/m0Io0Xmk=",
    "last_login": "2025-06-02T08:15:40.505Z",
    "is_superuser": false,
    "username": "DCS4",
    "first_name": "",
    "last_name": "",
    "email": "dennielestira.mdl@gmail.com",
    "is_staff": false,
    "is_active": true,
    "date_joined": "2025-05-01T04:51:02.175Z",
    "account_type": "Extensionist",
    "department": null,
    "full_name": "Ethan Cruz",
    "contact_number": "0000000000",
    "profile_image": "",
    "gender": "male",
    "groups": [],
    "user_permissions": []
  }
},
{
  "model": "accounts.customuser",
  "fields": {
    "password": "pbkdf2_sha256$720000$1x3E6q3uotjiHGb6wvq5c1$GlBdrxzFiutTfKyJ4pco5xRTRoXr+9PJURQ+GdjjB88=",
    "last_login": "2025-11-21T06:23:37.028Z",
    "is_superuser": false,
    "username": "DAS",
    "first_name": "",
    "last_name": "",
    "email": "DAS@gmail.com",
    "is_staff": false,
    "is_active": true,
    "date_joined": "2025-10-13T05:42:10.004Z",
    "account_type": "Department Coordinator",
    "department": 10,
    "full_name": "Anarose M. Rupido",
    "contact_number": "09123456789",
    "profile_image": "",
    "gender": "female",
    "groups": [],
    "user_permissions": []
  }
},
{
  "model": "accounts.customuser",
  "fields": {
    "password": "pbkdf2_sha256$720000$21KpwFGeO3vyovoculuOBS$OIiHhGwlGV4wejK8bKkhWSUFQyvFK+zFp2phCvQZcnU=",
    "last_login": "2025-11-21T06:26:35.376Z",
    "is_superuser": false,
    "username": "DC",
    "first_name": "",
    "last_name": "",
    "email": "DC@gmail.com",
    "is_staff": false,
    "is_active": true,
    "date_joined": "2025-10-13T05:43:42.274Z",
    "account_type": "Department Coordinator",
    "department": 9,
    "full_name": "Arman C. Maribojo",
    "contact_number": "09234567891",
    "profile_image": "",
    "gender": "male",
    "groups": [],
    "user_permissions": []
  }
},
{
  "model": "accounts.customuser",
  "fields": {
    "password": "pbkdf2_sha256$720000$tpRcfPyblQepa9K1KgJ3lX$r6A5vZq8ueGd2X2dFKYaybUtpy2nRTqcRubfJJgqANY=",
    "last_login": "2025-11-21T06:25:10.172Z",
    "is_superuser": false,
    "username": "BM",
    "first_name": "",
    "last_name": "",
    "email": "DMS@gmail.com",
    "is_staff": false,
    "is_active": true,
    "date_joined": "2025-10-13T05:45:08.406Z",
    "account_type": "Department Coordinator",
    "department": 8,
    "full_name": "Rosette P. Sarmiento",
    "contact_number": "09345678912",
    "profile_image": "",
    "gender": "female",
    "groups": [],
    "user_permissions": []
  }
},
{
  "model": "accounts.customuser",
  "fields": {
    "password": "pbkdf2_sha256$720000$xXe8RpBmmlyGMybUsKO52a$FWRT9YIYVF03pst7eSLLYuTXzmkcDSleGEm37Upjt5I=",
    "last_login": "2025-11-21T06:28:20.798Z",
    "is_superuser": false,
    "username": "DTE",
    "first_name": "",
    "last_name": "",
    "email": "DTE@gmail.com",
    "is_staff": false,
    "is_active": true,
    "date_joined": "2025-10-13T05:46:53.621Z",
    "account_type": "Department Coordinator",
    "department": 11,
    "full_name": "Jay Anne F. Salles",
    "contact_number": "09456789123",
    "profile_image": "",
    "gender": "female",
    "groups": [],
    "user_permissions": []
  }
},
{
  "model": "accounts.customuser",
  "fields": {
    "password": "pbkdf2_sha256$720000$l0lPg5sU3Y4Yc2nP4h2d5O$g9uxYeOD1G9Y4NO0iTzs+zIF3Wzufi9sRKrf39UE1hU=",
    "last_login": "2025-11-28T02:56:44.476Z",
    "is_superuser": false,
    "username": "HM",
    "first_name": "",
    "last_name": "",
    "email": "HM@gmail.com",
    "is_staff": false,
    "is_active": true,
    "date_joined": "2025-11-21T06:14:48.438Z",
    "account_type": "Department Coordinator",
    "department": 7,
    "full_name": "Francis P. Paredes",
    "contact_number": "09123456789",
    "profile_image": "",
    "gender": "male",
    "groups": [],
    "user_permissions": []
  }
},
{
  "model": "accounts.customuser",
  "fields": {
    "password": "pbkdf2_sha256$720000$8KMNxbwXok2vqc1B62pNC7$leSn1+SkA5FTKxWocKV1GBSogQ4UCHMoYQYU9oLyy3U=",
    "last_login": "2025-11-28T02:46:05.811Z",
    "is_superuser": false,
    "username": "DCS",
    "first_name": "",
    "last_name": "",
    "email": "DCS@gmail.com",
    "is_staff": false,
    "is_active": true,
    "date_joined": "2025-11-24T10:59:12.353Z",
    "account_type": "Department Coordinator",
    "department": 6,
    "full_name": "Alvina E. Ramallosa",
    "contact_number": "09123456789",
    "profile_image": "",
    "gender": "female",
    "groups": [],
    "user_permissions": []
  }
},
{
  "model": "accounts.document",
  "pk": 46,
  "fields": {
    "name": "𝗣𝗲𝗿𝗳𝘂𝗺𝗲 𝗖𝗼𝘀𝘁𝗶𝗻𝗴 𝗧𝗿𝗮𝗶𝗻𝗶𝗻𝗴",
    "department": null,
    "status": null,
    "created_at": "2025-10-13T06:06:43.761Z",
    "status_updated_at": "2025-11-21T06:16:48.037Z",
    "Activity_Proposal": "documents/EXTN-QF-01_Extension_Project_Proposal_Format_zBlyAFm.docx",
    "Activity_Proposal_status": "normal",
    "Work_and_Financial_Plan": "documents/EXTN-QF-12_Property_Handling_Form.docx",
    "Work_and_Financial_Plan_status": "normal",
    "Plan_of_Activities": "documents/EXTN-QF-08.1_Plan_of_Activities_UenBdgB._docx",
    "Plan_of_Activities_status": "normal",
    "doc4": "",
    "doc4_status": "normal",
    "doc5": "",
    "doc5_status": "normal",
    "doc6": "",
    "doc6_status": "normal",
    "doc7": "",
    "doc7_status": "normal",
    "doc8": "",
    "doc8_status": "normal",
    "is_archived": true,
    "uploaded_by": [
      "BM"
    ],
    "uploaded_by_name": "Rosette P. Sarmiento",
    "recommended_by": null,
    "recommended_by_name": "",
    "approved_by": null,
    "approved_by_name": ""
  }
},
{
  "model": "accounts.document",
  "pk": 47,
  "fields": {
    "name": "Upskilling the PDLs in their Journey towards Intellectual Freedom.",
    "department": null,
    "status": null,
    "created_at": "2025-10-13T06:08:23.894Z",
    "status_updated_at": "2025-11-21T06:16:44.118Z",
    "Activity_Proposal": "documents/EXTN-QF-01_Extension_Project_Proposal_Format_pvBZn6p.docx",
    "Activity_Proposal_status": "normal",
    "Work_and_Financial_Plan": "",
    "Work_and_Financial_Plan_status": "normal",
    "Plan_of_Activities": "",
    "Plan_of_Activities_status": "normal",
    "doc4": "",
    "doc4_status": "normal",
    "doc5": "",
    "doc5_status": "normal",
    "doc6": "",
    "doc6_status": "normal",
    "doc7": "",
    "doc7_status": "normal",
    "doc8": "",
    "doc8_status": "normal",
    "is_archived": true,
    "uploaded_by": [
      "DTE"
    ],
    "uploaded_by_name": "Jay Anne F. Salles",
    "recommended_by": null,
    "recommended_by_name": "",
    "approved_by": null,
    "approved_by_name": ""
  }
},
{
  "model": "accounts.document",
  "pk": 48,
  "fields": {
    "name": "CRIM Preliminaries and First Aid Training at  Disaster Risk Reduction Management Office- Bacoor Government Center",
    "department": null,
    "status": null,
    "created_at": "2025-10-13T06:11:51.061Z",
    "status_updated_at": "2025-11-21T06:16:37.448Z",
    "Activity_Proposal": "documents/EXTN-QF-01_Extension_Project_Proposal_Format_jaMSM9r.docx",
    "Activity_Proposal_status": "normal",
    "Work_and_Financial_Plan": "documents/EXTN-QF-10_Overall_Activity_Evaluation_Form_-_Technical_Training_v2.docx",
    "Work_and_Financial_Plan_status": "normal",
    "Plan_of_Activities": "documents/EXTN-QF-08.1_Plan_of_Activities_IhwoTJ9._docx",
    "Plan_of_Activities_status": "normal",
    "doc4": "",
    "doc4_status": "normal",
    "doc5": "",
    "doc5_status": "normal",
    "doc6": "",
    "doc6_status": "normal",
    "doc7": "",
    "doc7_status": "normal",
    "doc8": "",
    "doc8_status": "normal",
    "is_archived": true,
    "uploaded_by": [
      "DC"
    ],
    "uploaded_by_name": "Arman C. Maribojo",
    "recommended_by": null,
    "recommended_by_name": "",
    "approved_by": null,
    "approved_by_name": ""
  }
},
{
  "model": "accounts.document",
  "pk": 49,
  "fields": {
    "name": "CLASSES Consultative Meeting at Mambog Elementary School",
    "department": null,
    "status": null,
    "created_at": "2025-10-13T06:12:44.776Z",
    "status_updated_at": "2025-11-21T06:16:31.619Z",
    "Activity_Proposal": "documents/EXTN-QF-01_Extension_Project_Proposal_Format_OcqHYem.docx",
    "Activity_Proposal_status": "normal",
    "Work_and_Financial_Plan": "documents/EXTN-QF-03_Annual_Report_Format_1.docx",
    "Work_and_Financial_Plan_status": "normal",
    "Plan_of_Activities": "documents/EXTN-QF-08.1_Plan_of_Activities_9fYPDub._docx",
    "Plan_of_Activities_status": "normal",
    "doc4": "",
    "doc4_status": "normal",
    "doc5": "",
    "doc5_status": "normal",
    "doc6": "",
    "doc6_status": "normal",
    "doc7": "",
    "doc7_status": "normal",
    "doc8": "",
    "doc8_status": "normal",
    "is_archived": true,
    "uploaded_by": null,
    "uploaded_by_name": "Alvina E Ramallosa",
    "recommended_by": null,
    "recommended_by_name": "",
    "approved_by": null,
    "approved_by_name": ""
  }
},
{
  "model": "accounts.document",
  "pk": 50,
  "fields": {
    "name": "Gawaran Annex of Bacoor National High School, Team Mathematics of the Department of Teacher Education",
    "department": null,
    "status": null,
    "created_at": "2025-10-13T06:17:00.265Z",
    "status_updated_at": "2025-11-21T06:16:25.823Z",
    "Activity_Proposal": "documents/EXTN-QF-01_Extension_Project_Proposal_Format_2MkZ58M.docx",
    "Activity_Proposal_status": "revision",
    "Work_and_Financial_Plan": "documents/EXTN-QF-02_Quarterly_Report_Format.docx",
    "Work_and_Financial_Plan_status": "revision",
    "Plan_of_Activities": "documents/EXTN-QF-08.1_Plan_of_Activities._docx",
    "Plan_of_Activities_status": "revision",
    "doc4": "",
    "doc4_status": "normal",
    "doc5": "",
    "doc5_status": "normal",
    "doc6": "",
    "doc6_status": "normal",
    "doc7": "",
    "doc7_status": "normal",
    "doc8": "",
    "doc8_status": "normal",
    "is_archived": true,
    "uploaded_by": [
      "DTE"
    ],
    "uploaded_by_name": "Jay Anne F. Salles",
    "recommended_by": null,
    "recommended_by_name": "",
    "approved_by": null,
    "approved_by_name": ""
  }
},
{
  "model": "accounts.document",
  "pk": 52,
  "fields": {
    "name": "CLASSES Consultative Meeting at Mambog Elementary School",
    "department": 6,
    "status": "ongoing",
    "created_at": "2025-11-21T05:57:51.278Z",
    "status_updated_at": "2025-11-28T02:32:24.531Z",
    "Activity_Proposal": "documents/Gawaran.docx",
    "Activity_Proposal_status": "normal",
    "Work_and_Financial_Plan": "documents/First_aid_1_uSKi4Aa.docx",
    "Work_and_Financial_Plan_status": "normal",
    "Plan_of_Activities": "",
    "Plan_of_Activities_status": "normal",
    "doc4": "",
    "doc4_status": "normal",
    "doc5": "",
    "doc5_status": "normal",
    "doc6": "",
    "doc6_status": "normal",
    "doc7": "",
    "doc7_status": "normal",
    "doc8": "",
    "doc8_status": "normal",
    "is_archived": false,
    "uploaded_by": null,
    "uploaded_by_name": "Alvina E Ramallosa",
    "recommended_by": null,
    "recommended_by_name": "",
    "approved_by": null,
    "approved_by_name": ""
  }
},
{
  "model": "accounts.document",
  "pk": 53,
  "fields": {
    "name": "Gawaran Annex of Bacoor National High School, Team Mathematics of the Department of Teacher Education",
    "department": 11,
    "status": "ongoing",
    "created_at": "2025-11-21T06:00:24.108Z",
    "status_updated_at": "2025-11-21T06:19:09.439Z",
    "Activity_Proposal": "documents/Mambog_Elementary_School.docx",
    "Activity_Proposal_status": "normal",
    "Work_and_Financial_Plan": "",
    "Work_and_Financial_Plan_status": "normal",
    "Plan_of_Activities": "documents/Nov4_AyARYAv.docx",
    "Plan_of_Activities_status": "normal",
    "doc4": "",
    "doc4_status": "normal",
    "doc5": "",
    "doc5_status": "normal",
    "doc6": "",
    "doc6_status": "normal",
    "doc7": "",
    "doc7_status": "normal",
    "doc8": "",
    "doc8_status": "normal",
    "is_archived": false,
    "uploaded_by": [
      "DTE"
    ],
    "uploaded_by_name": "Jay Anne F. Salles",
    "recommended_by": null,
    "recommended_by_name": "",
    "approved_by": null,
    "approved_by_name": ""
  }
},
{
  "model": "accounts.document",
  "pk": 54,
  "fields": {
    "name": "CRIM Preliminaries and First Aid Training at Disaster Risk Reduction Management Office- Bacoor Government Center",
    "department": 9,
    "status": "ongoing",
    "created_at": "2025-11-21T06:02:18.134Z",
    "status_updated_at": "2025-11-21T06:19:06.113Z",
    "Activity_Proposal": "documents/First_aid_1.docx",
    "Activity_Proposal_status": "normal",
    "Work_and_Financial_Plan": "documents/Perfume_1_rvvKfgc.docx",
    "Work_and_Financial_Plan_status": "normal",
    "Plan_of_Activities": "",
    "Plan_of_Activities_status": "normal",
    "doc4": "",
    "doc4_status": "normal",
    "doc5": "",
    "doc5_status": "normal",
    "doc6": "",
    "doc6_status": "normal",
    "doc7": "",
    "doc7_status": "normal",
    "doc8": "",
    "doc8_status": "normal",
    "is_archived": false,
    "uploaded_by": [
      "DC"
    ],
    "uploaded_by_name": "Arman C. Maribojo",
    "recommended_by": null,
    "recommended_by_name": "",
    "approved_by": null,
    "approved_by_name": ""
  }
},
{
  "model": "accounts.document",
  "pk": 55,
  "fields": {
    "name": "Perfume Costing Training",
    "department": 8,
    "status": "ongoing",
    "created_at": "2025-11-21T06:03:11.509Z",
    "status_updated_at": "2025-11-21T06:19:01.603Z",
    "Activity_Proposal": "documents/Nov4.docx",
    "Activity_Proposal_status": "normal",
    "Work_and_Financial_Plan": "documents/First_aid_1_MucoKgs.docx",
    "Work_and_Financial_Plan_status": "normal",
    "Plan_of_Activities": "",
    "Plan_of_Activities_status": "normal",
    "doc4": "",
    "doc4_status": "normal",
    "doc5": "",
    "doc5_status": "normal",
    "doc6": "",
    "doc6_status": "normal",
    "doc7": "",
    "doc7_status": "normal",
    "doc8": "",
    "doc8_status": "normal",
    "is_archived": false,
    "uploaded_by": [
      "BM"
    ],
    "uploaded_by_name": "Rosette P. Sarmiento",
    "recommended_by": null,
    "recommended_by_name": "",
    "approved_by": null,
    "approved_by_name": ""
  }
},
{
  "model": "accounts.document",
  "pk": 56,
  "fields": {
    "name": "Sample DAS",
    "department": 10,
    "status": "ongoing",
    "created_at": "2025-11-21T06:03:49.569Z",
    "status_updated_at": "2025-11-21T06:18:56.590Z",
    "Activity_Proposal": "documents/First_aid_1_NwBLU5r.docx",
    "Activity_Proposal_status": "normal",
    "Work_and_Financial_Plan": "documents/Nov4_oNQStEA.docx",
    "Work_and_Financial_Plan_status": "normal",
    "Plan_of_Activities": "",
    "Plan_of_Activities_status": "normal",
    "doc4": "",
    "doc4_status": "normal",
    "doc5": "",
    "doc5_status": "normal",
    "doc6": "",
    "doc6_status": "normal",
    "doc7": "",
    "doc7_status": "normal",
    "doc8": "",
    "doc8_status": "normal",
    "is_archived": false,
    "uploaded_by": [
      "DAS"
    ],
    "uploaded_by_name": "Anarose M. Rupido",
    "recommended_by": null,
    "recommended_by_name": "",
    "approved_by": null,
    "approved_by_name": ""
  }
},
{
  "model": "accounts.document",
  "pk": 57,
  "fields": {
    "name": "Sample HM",
    "department": 7,
    "status": "ongoing",
    "created_at": "2025-11-21T06:15:25.591Z",
    "status_updated_at": "2025-11-21T06:18:17.960Z",
    "Activity_Proposal": "documents/BARANGAY_MOLINO_2.pdf",
    "Activity_Proposal_status": "normal",
    "Work_and_Financial_Plan": "documents/Perfume_2.docx",
    "Work_and_Financial_Plan_status": "normal",
    "Plan_of_Activities": "",
    "Plan_of_Activities_status": "normal",
    "doc4": "",
    "doc4_status": "normal",
    "doc5": "",
    "doc5_status": "normal",
    "doc6": "",
    "doc6_status": "normal",
    "doc7": "",
    "doc7_status": "normal",
    "doc8": "",
    "doc8_status": "normal",
    "is_archived": false,
    "uploaded_by": [
      "HM"
    ],
    "uploaded_by_name": "Francis P. Paredes",
    "recommended_by": null,
    "recommended_by_name": "",
    "approved_by": null,
    "approved_by_name": ""
  }
},
{
  "model": "accounts.documentfile",
  "pk": 10,
  "fields": {
    "document": 50,
    "completion_doc1": "documents/completion/Estira_Denniel_Activity4EthicsActivity.pdf",
    "completion_doc1_status": "revision",
    "completion_doc1_label": "attendace",
    "completion_doc2": "documents/completion/Entity-Relationship-Diagram.docx",
    "completion_doc2_status": "normal",
    "completion_doc3": "documents/completion/Entity-Relationship-Diagram_3nBn6h7.docx",
    "completion_doc3_status": "normal",
    "completion_doc4": "",
    "completion_doc4_status": "normal",
    "completion_doc5": "",
    "completion_doc5_status": "normal",
    "completion_doc6": "documents/completion/Entity-Relationship-Diagram_70CEHIV.docx",
    "completion_doc6_status": "normal",
    "completion_doc7": "",
    "completion_doc7_status": "normal",
    "completion_doc8": "",
    "completion_doc8_status": "normal"
  }
},
{
  "model": "accounts.documentfile",
  "pk": 11,
  "fields": {
    "document": 57,
    "completion_doc1": "documents/completion/First_aid_1.docx",
    "completion_doc1_status": "revision",
    "completion_doc1_label": "attendace",
    "completion_doc2": "",
    "completion_doc2_status": "normal",
    "completion_doc3": "",
    "completion_doc3_status": "normal",
    "completion_doc4": "",
    "completion_doc4_status": "normal",
    "completion_doc5": "",
    "completion_doc5_status": "normal",
    "completion_doc6": "",
    "completion_doc6_status": "normal",
    "completion_doc7": "",
    "completion_doc7_status": "normal",
    "completion_doc8": "",
    "completion_doc8_status": "normal"
  }
},
{
  "model": "accounts.documentfile",
  "pk": 12,
  "fields": {
    "document": 56,
    "completion_doc1": "",
    "completion_doc1_status": "normal",
    "completion_doc1_label": "attendace",
    "completion_doc2": "documents/completion/Perfume_2_3PSKofn.docx",
    "completion_doc2_status": "normal",
    "completion_doc3": "",
    "completion_doc3_status": "normal",
    "completion_doc4": "",
    "completion_doc4_status": "normal",
    "completion_doc5": "",
    "completion_doc5_status": "normal",
    "completion_doc6": "",
    "completion_doc6_status": "normal",
    "completion_doc7": "",
    "completion_doc7_status": "normal",
    "completion_doc8": "",
    "completion_doc8_status": "normal"
  }
},
{
  "model": "accounts.documentfile",
  "pk": 13,
  "fields": {
    "document": 55,
    "completion_doc1": "",
    "completion_doc1_status": "normal",
    "completion_doc1_label": "attendace",
    "completion_doc2": "",
    "completion_doc2_status": "normal",
    "completion_doc3": "documents/completion/First_aid_1_JjE1f7D.docx",
    "completion_doc3_status": "normal",
    "completion_doc4": "",
    "completion_doc4_status": "normal",
    "completion_doc5": "",
    "completion_doc5_status": "normal",
    "completion_doc6": "",
    "completion_doc6_status": "normal",
    "completion_doc7": "",
    "completion_doc7_status": "normal",
    "completion_doc8": "",
    "completion_doc8_status": "normal"
  }
},
{
  "model": "accounts.documentfile",
  "pk": 14,
  "fields": {
    "document": 54,
    "completion_doc1": "",
    "completion_doc1_status": "normal",
    "completion_doc1_label": "attendace",
    "completion_doc2": "documents/completion/First_aid_1_vaLkVao.docx",
    "completion_doc2_status": "normal",
    "completion_doc3": "",
    "completion_doc3_status": "normal",
    "completion_doc4": "",
    "completion_doc4_status": "normal",
    "completion_doc5": "",
    "completion_doc5_status": "normal",
    "completion_doc6": "",
    "completion_doc6_status": "normal",
    "completion_doc7": "",
    "completion_doc7_status": "normal",
    "completion_doc8": "",
    "completion_doc8_status": "normal"
  }
},
{
  "model": "accounts.documentfile",
  "pk": 15,
  "fields": {
    "document": 53,
    "completion_doc1": "documents/completion/First_aid_1_mO3zcYy.docx",
    "completion_doc1_status": "normal",
    "completion_doc1_label": "attendace",
    "completion_doc2": "",
    "completion_doc2_status": "normal",
    "completion_doc3": "",
    "completion_doc3_status": "normal",
    "completion_doc4": "",
    "completion_doc4_status": "normal",
    "completion_doc5": "",
    "completion_doc5_status": "normal",
    "completion_doc6": "",
    "completion_doc6_status": "normal",
    "completion_doc7": "",
    "completion_doc7_status": "normal",
    "completion_doc8": "",
    "completion_doc8_status": "normal"
  }
},
{
  "model": "accounts.documentfile",
  "pk": 16,
  "fields": {
    "document": 52,
    "completion_doc1": "documents/completion/Perfume_1.docx",
    "completion_doc1_status": "normal",
    "completion_doc1_label": "attendace",
    "completion_doc2": "",
    "completion_doc2_status": "normal",
    "completion_doc3": "",
    "completion_doc3_status": "normal",
    "completion_doc4": "",
    "completion_doc4_status": "normal",
    "completion_doc5": "",
    "completion_doc5_status": "normal",
    "completion_doc6": "",
    "completion_doc6_status": "normal",
    "completion_doc7": "",
    "completion_doc7_status": "normal",
    "completion_doc8": "",
    "completion_doc8_status": "normal"
  }
},
{
  "model": "accounts.chatmessage",
  "pk": 170,
  "fields": {
    "document": 50,
    "sender": [
      "Chairperson"
    ],
    "sender_name_snapshot": "Janice A. Nealega",
    "message": "wdwadwadw",
    "timestamp": "2025-11-12T06:40:48.529Z",
    "read_by": [
      [
        "Chairperson"
      ]
    ]
  }
},
{
  "model": "accounts.chatmessage",
  "pk": 171,
  "fields": {
    "document": 57,
    "sender": [
      "HM"
    ],
    "sender_name_snapshot": "Francis P. Paredes",
    "message": "hiii",
    "timestamp": "2025-11-25T13:03:34.464Z",
    "read_by": [
      [
        "Chairperson"
      ],
      [
        "HM"
      ]
    ]
  }
},
{
  "model": "accounts.annualreport",
  "pk": 1,
  "fields": {
    "year": 2025,
    "google_drive_link": null,
    "created_at": "2025-04-29T04:56:09.428Z"
  }
},
{
  "model": "accounts.annualreport",
  "pk": 3,
  "fields": {
    "year": 2025,
    "google_drive_link": "http://127.0.0.1:8000/accounts/annual-reports/create/",
    "created_at": "2025-04-29T10:34:24.565Z"
  }
},
{
  "model": "accounts.annualreport",
  "pk": 4,
  "fields": {
    "year": 2027,
    "google_drive_link": "http://127.0.0.1:8000/accounts/annual-reports/create/",
    "created_at": "2025-05-02T05:25:07.794Z"
  }
},
{
  "model": "accounts.extensionactivity",
  "pk": 1,
  "fields": {
    "report": 1,
    "activity": "1",
    "extensionist": "DCS",
    "no_of_beneficiaries": "20 students",
    "partner_agency": "DEPED",
    "order": 0
  }
},
{
  "model": "accounts.extensionactivity",
  "pk": 5,
  "fields": {
    "report": 3,
    "activity": "1",
    "extensionist": "DCS",
    "no_of_beneficiaries": "20 students",
    "partner_agency": "DEPED",
    "order": 0
  }
},
{
  "model": "accounts.extensionactivity",
  "pk": 13,
  "fields": {
    "report": 4,
    "activity": "sample 4",
    "extensionist": "DCS",
    "no_of_beneficiaries": "20 students",
    "partner_agency": "DEPED",
    "order": 0
  }
},
{
  "model": "accounts.extensionactivity",
  "pk": 2,
  "fields": {
    "report": 1,
    "activity": "2",
    "extensionist": "DCS",
    "no_of_beneficiaries": "20 students",
    "partner_agency": "DEPED",
    "order": 1
  }
},
{
  "model": "accounts.extensionactivity",
  "pk": 9,
  "fields": {
    "report": 3,
    "activity": "2",
    "extensionist": "DCS",
    "no_of_beneficiaries": "20 students",
    "partner_agency": "DEPED",
    "order": 1
  }
},
{
  "model": "accounts.extensionactivity",
  "pk": 16,
  "fields": {
    "report": 4,
    "activity": "Digital Editing Training: Tagpi-Tagpi\r\n\r\n\r\nBasic Lay Outing Using Canva\r\nFeb 24. 2024\r\n3* Floor New Academic Building",
    "extensionist": "DCS",
    "no_of_beneficiaries": "20 people",
    "partner_agency": "DEPED",
    "order": 1
  }
},
{
  "model": "accounts.extensionactivity",
  "pk": 4,
  "fields": {
    "report": 1,
    "activity": "3",
    "extensionist": "DCS",
    "no_of_beneficiaries": "20 students",
    "partner_agency": "DEPED",
    "order": 2
  }
},
{
  "model": "accounts.extensionactivity",
  "pk": 8,
  "fields": {
    "report": 3,
    "activity": "1",
    "extensionist": "DTE",
    "no_of_beneficiaries": "20 students",
    "partner_agency": "DEPED",
    "order": 2
  }
},
{
  "model": "accounts.extensionactivity",
  "pk": 14,
  "fields": {
    "report": 4,
    "activity": "sample 5",
    "extensionist": "DTE",
    "no_of_beneficiaries": "20 people",
    "partner_agency": "DEPED",
    "order": 2
  }
},
{
  "model": "accounts.extensionactivity",
  "pk": 3,
  "fields": {
    "report": 1,
    "activity": "2",
    "extensionist": "DCS",
    "no_of_beneficiaries": "20 students",
    "partner_agency": "DEPED",
    "order": 3
  }
},
{
  "model": "accounts.extensionactivity",
  "pk": 6,
  "fields": {
    "report": 3,
    "activity": "2",
    "extensionist": "DCS",
    "no_of_beneficiaries": "20 students",
    "partner_agency": "DEPED",
    "order": 3
  }
},
{
  "model": "accounts.extensionactivity",
  "pk": 15,
  "fields": {
    "report": 4,
    "activity": "sample 2",
    "extensionist": "DCS",
    "no_of_beneficiaries": "20 students20 students20 students20 students20 students20 students20 students20 students20 students2",
    "partner_agency": "DEPED DEPED DEPED DEPED DEPED DEPED DEPED DEPED DEPED DEPED DEPED DEPED DEPED DEPED DEPED DEPED DEPED DEPED DEPED DEPED DEPED DEPED DEPED DEPED",
    "order": 3
  }
},
{
  "model": "accounts.extensionactivity",
  "pk": 7,
  "fields": {
    "report": 3,
    "activity": "3",
    "extensionist": "DCS",
    "no_of_beneficiaries": "20 students",
    "partner_agency": "DEPED",
    "order": 4
  }
},
{
  "model": "accounts.extensionactivity",
  "pk": 10,
  "fields": {
    "report": 4,
    "activity": "sample 1",
    "extensionist": "DCS",
    "no_of_beneficiaries": "20 people",
    "partner_agency": "DEPED",
    "order": 4
  }
},
{
  "model": "accounts.extensionactivity",
  "pk": 11,
  "fields": {
    "report": 4,
    "activity": "sample 2",
    "extensionist": "DCS",
    "no_of_beneficiaries": "20 students",
    "partner_agency": "DEPED",
    "order": 5
  }
},
{
  "model": "accounts.extensionactivity",
  "pk": 12,
  "fields": {
    "report": 4,
    "activity": "sample 3",
    "extensionist": "DCS",
    "no_of_beneficiaries": "20 students",
    "partner_agency": "DEPED",
    "order": 6
  }
},
{
  "model": "accounts.linkage",
  "pk": 1,
  "fields": {
    "report": 1,
    "agency": "me",
    "nature": "123"
  }
},
{
  "model": "accounts.linkage",
  "pk": 2,
  "fields": {
    "report": 3,
    "agency": "me",
    "nature": "123"
  }
},
{
  "model": "accounts.linkage",
  "pk": 3,
  "fields": {
    "report": 3,
    "agency": "me",
    "nature": "123"
  }
},
{
  "model": "accounts.linkage",
  "pk": 4,
  "fields": {
    "report": 4,
    "agency": "sample",
    "nature": "sample"
  }
},
{
  "model": "accounts.linkage",
  "pk": 5,
  "fields": {
    "report": 4,
    "agency": "sample",
    "nature": "sample"
  }
},
{
  "model": "accounts.quarterlyreport",
  "pk": 1,
  "fields": {
    "year": 2024,
    "quarter": "Q1",
    "created_at": "2025-04-29T06:29:45.813Z"
  }
},
{
  "model": "accounts.extensionproject",
  "pk": 1,
  "fields": {
    "report": 1,
    "title": "1",
    "date": "2025-04-11",
    "duration_hours": 3,
    "sector": "1",
    "target_no": 1,
    "actual_male": 1,
    "actual_female": 1,
    "location": "here",
    "persons_responsible": "me",
    "budget_allocation": "2000.00",
    "remarks": "dwadawd"
  }
},
{
  "model": "accounts.extensionproject",
  "pk": 2,
  "fields": {
    "report": 1,
    "title": "2",
    "date": "2025-04-11",
    "duration_hours": 5,
    "sector": "1",
    "target_no": 2,
    "actual_male": 2,
    "actual_female": 2,
    "location": "here",
    "persons_responsible": "me",
    "budget_allocation": "24244.00",
    "remarks": "wdawdawd"
  }
},
{
  "model": "accounts.extensionproject",
  "pk": 3,
  "fields": {
    "report": 1,
    "title": "wdadbuawduw daw jbndawbndbawd awwad awjd",
    "date": "2025-04-11",
    "duration_hours": 4,
    "sector": "32",
    "target_no": 42,
    "actual_male": 23,
    "actual_female": 21,
    "location": "san pablo laguna magic gimik",
    "persons_responsible": "department of computer studies",
    "budget_allocation": "2000.00",
    "remarks": "dawdawdawdawdawd ad awd awda"
  }
},
{
  "model": "accounts.media",
  "pk": 1,
  "fields": {
    "title": "bjmp",
    "description": null,
    "media_type": "photo",
    "file": "media_uploads/603c4b4062097830803f46d6_wpa5rbxtxo.jpg",
    "uploaded_at": "2025-08-26T06:07:14.602Z",
    "uploaded_by": [
      "Staff"
    ]
  }
},
{
  "model": "accounts.media",
  "pk": 2,
  "fields": {
    "title": "bjmp",
    "description": null,
    "media_type": "photo",
    "file": "media_uploads/603c4b4062097830803f46d6_wpa5rbxtxo_vLZirJY.jpg",
    "uploaded_at": "2025-08-26T06:07:41.575Z",
    "uploaded_by": [
      "Staff"
    ]
  }
},
{
  "model": "accounts.media",
  "pk": 4,
  "fields": {
    "title": "wew",
    "description": null,
    "media_type": "photo",
    "file": "media_uploads/603c4a4d695ede7eda3c675d_ezgif-2-b6f5a17527d3.jpg",
    "uploaded_at": "2025-08-26T06:12:57.684Z",
    "uploaded_by": null
  }
},
{
  "model": "accounts.media",
  "pk": 5,
  "fields": {
    "title": "wew",
    "description": null,
    "media_type": "photo",
    "file": "media_uploads/603c4e5d20169f1b0e1d6480_mgm-logo-1536x864.jpg",
    "uploaded_at": "2025-08-28T03:44:38.975Z",
    "uploaded_by": null
  }
},
{
  "model": "accounts.media",
  "pk": 6,
  "fields": {
    "title": "waawwa",
    "description": null,
    "media_type": "photo",
    "file": "media_uploads/475992873_1575536856460392_3530543495783983935_n.jpg",
    "uploaded_at": "2025-08-28T03:44:46.452Z",
    "uploaded_by": null
  }
},
{
  "model": "accounts.media",
  "pk": 7,
  "fields": {
    "title": "awaw",
    "description": null,
    "media_type": "photo",
    "file": "media_uploads/603c4a71bd20c324b9ea0bdb_maxresdefault.jpg",
    "uploaded_at": "2025-08-28T03:44:54.662Z",
    "uploaded_by": null
  }
},
{
  "model": "accounts.media",
  "pk": 8,
  "fields": {
    "title": "\"𝐔𝐩𝐬𝐤𝐢𝐥𝐥𝐢𝐧𝐠 𝐭𝐡𝐞 𝐏𝐃𝐋𝐬 𝐢𝐧 𝐭𝐡𝐞𝐢𝐫 𝐉𝐨𝐮𝐫𝐧𝐞𝐲 𝐓𝐨𝐰𝐚𝐫𝐝𝐬 𝐈𝐧𝐭𝐞𝐥𝐥𝐞𝐜𝐭𝐮𝐚𝐥 𝐅𝐫𝐞𝐞𝐝𝐨𝐦\"",
    "description": "Kasabay ng pagdiriwang ng 14th Community Relations Service Month at sa ilalim ng  pamumuno ni JSUPT CHRISTOPHER R PENILLA, City Jail Warden, katuwang ang Department of Teacher Education ng Cavite State University – Bacoor Campus sa pangunguna ni Ms. Jolina Razell M. Mindoro at ng kaniyang kapwa guro, isinagawa ang isang makabuluhang tutorial session na layuning palawakin ang kaalaman sa pagbasa at pagsulat ng mga Persons Deprived of Liberty (PDLs) sa Bacoor City Jail Male Dormitory. Ito ay isang hakbang tungo sa pagbubukas ng isipan, puso, at pag-asa para sa isang mas maliwanag na bukas.\r\nAng programang ito ay hindi lamang pagtuturo ng karunungan—ito ay pagtuturo ng panibagong pananaw sa buhay, na sa kabila ng pagkakamali, may lugar pa rin para sa pagbabalik-loob, pag-unlad, at pagbangon.\r\nIto ay para sa mga PDL na hindi sapat ang kakayahan na bumasa at sumulat. Ngayon, unti-unti na nilang natututuhan ang mga kasanayang magagamit nila sa pagbabagong buhay.\r\nBJMP Regional Office Calabarzon\r\nCity Government of Bacoor\r\nPA Office Cavite Province\r\nDepEd Bacoor City\r\nCavite State University - Bacoor City Campus\r\n#ChangingLivesBuildingASaferNation\r\n#14thBJMPCRSMonth\r\n#BJMPCRSMonth2025\r\n#strikegoalsforcommunityreintegration\r\nDisclaimer: No copyright infringement intended. The background music in this video belongs to its rightful owner.",
    "media_type": "video",
    "file": "media_uploads/AQMvzCUw4XWVLnl9rFhRm5qGCblg2jeYehiGssugHn4L8TOHy5EzfyMX-DPnDqWWIBzvVPE7dq_4q8d1py.mp4",
    "uploaded_at": "2025-09-16T05:20:37.006Z",
    "uploaded_by": null
  }
},
{
  "model": "accounts.media",
  "pk": 9,
  "fields": {
    "title": "Mambog Perfume making Livelihood Program",
    "description": "",
    "media_type": "video",
    "file": "media_uploads/Mambog_Perfume_Making_Livelihood_Program.mp4",
    "uploaded_at": "2025-09-16T06:09:58.218Z",
    "uploaded_by": null
  }
},
{
  "model": "accounts.media",
  "pk": 10,
  "fields": {
    "title": "MOA signing",
    "description": "",
    "media_type": "video",
    "file": "media_uploads/MOA_SIGNING.mp4",
    "uploaded_at": "2025-09-16T06:10:28.051Z",
    "uploaded_by": null
  }
},
{
  "model": "accounts.media",
  "pk": 11,
  "fields": {
    "title": "Molino II",
    "description": "",
    "media_type": "video",
    "file": "media_uploads/Molino_II.mp4",
    "uploaded_at": "2025-09-16T06:12:52.400Z",
    "uploaded_by": null
  }
},
{
  "model": "accounts.media",
  "pk": 12,
  "fields": {
    "title": "Molino II - Interview",
    "description": "",
    "media_type": "video",
    "file": "media_uploads/Molino_II_-_Interview.mp4",
    "uploaded_at": "2025-09-16T06:13:19.215Z",
    "uploaded_by": null
  }
},
{
  "model": "accounts.photoalbum",
  "pk": 4,
  "fields": {
    "title": "𝗣𝗿𝗼𝗷𝗲𝗰𝘁 𝟰: 𝗞𝗮𝗮𝗴𝗮𝗽𝗮𝘆 𝘀𝗮 𝗞𝗮𝗯𝘂𝗵𝗮𝘆𝗮𝗻𝗴 𝘁𝘂𝗻𝗴𝗼 𝘀𝗮 𝗞𝗮𝘂𝗻𝗹𝗮𝗿𝗮𝗻 (𝗞𝗞𝗞)",
    "description": "Bilang bahagi ng patuloy na suporta para sa mga programang pang-edukasyon at serbisyong pangkomunidad, bilang bahagi ng 𝗣𝗿𝗼𝗷𝗲𝗰𝘁 𝟰: 𝗞𝗮𝗮𝗴𝗮𝗽𝗮𝘆 𝘀𝗮 𝗞𝗮𝗯𝘂𝗵𝗮𝘆𝗮𝗻𝗴 𝘁𝘂𝗻𝗴𝗼 𝘀𝗮 𝗞𝗮𝘂𝗻𝗹𝗮𝗿𝗮𝗻 (𝗞𝗞𝗞), matagumpay na isinagawa ang gawaing pagpapalawig tungkol sa “𝗣𝗲𝗿𝗳𝘂𝗺𝗲 𝗖𝗼𝘀𝘁𝗶𝗻𝗴 𝗧𝗿𝗮𝗶𝗻𝗶𝗻𝗴” para sa mga 𝗣𝗲𝗿𝘀𝗼𝗻𝘀 𝗗𝗲𝗽𝗿𝗶𝘃𝗲𝗱 𝗼𝗳 𝗟𝗶𝗯𝗲𝗿𝘁𝘆 (𝗣𝗗𝗟𝘀) sa 𝗕𝘂𝗿𝗲𝗮𝘂 𝗼𝗳 𝗝𝗮𝗶𝗹 𝗠𝗮𝗻𝗮𝗴𝗲𝗺𝗲𝗻𝘁 𝗮𝗻𝗱 𝗣𝗲𝗻𝗼𝗹𝗼𝗴𝘆 (𝗕𝗝𝗠𝗣) - 𝗙𝗲𝗺𝗮𝗹𝗲 𝗗𝗼𝗿𝗺𝗶𝘁𝗼𝗿𝘆 noong 𝗠𝗮𝗿𝘀𝗼 𝟯𝟭, 𝟮𝟬𝟮𝟱.\r\nSa pangunguna ni 𝗠𝘀. 𝗠𝗮𝗿𝗶𝗮 𝗟𝗼𝘂𝗿𝗱𝗲𝘇 𝗗. 𝗟𝗮𝗺𝗮𝗻𝗶𝗹𝗮𝗼, isang propesor mula sa Business Administration Program, nabigyang-kaalaman ang mga PDL tungkol sa tamang pagtutuos (costing) ng presyo ng produkto (pabango). Nagkaroon din sila ng maiikling pagsasanay upang masukat at mahasa ang kanilang kaalaman kaugnay ng tinalakay na paksa.",
    "cover_photo": "album_covers/518274863_1426636818683296_5817194846922295236_n.jpg",
    "created_at": "2025-09-16T05:14:23.605Z",
    "created_by": null
  }
},
{
  "model": "accounts.photoalbum",
  "pk": 5,
  "fields": {
    "title": "𝗣𝗿𝗼𝗷𝗲𝗰𝘁 𝟰: 𝗞𝗮𝗮𝗴𝗮𝗽𝗮𝘆 𝘀𝗮 𝗞𝗮𝗯𝘂𝗵𝗮𝘆𝗮𝗻𝗴 𝘁𝘂𝗻𝗴𝗼 𝘀𝗮 𝗞𝗮𝘂𝗻𝗹𝗮𝗿𝗮𝗻 (𝗞𝗞𝗞)",
    "description": "Patuloy na isinusulong ang pagpapalawig ng mga programang pang-edukasyon at serbisyong pangkomunidad. Bilang bahagi ng 𝗣𝗿𝗼𝗷𝗲𝗰𝘁 𝟰: 𝗞𝗮𝗮𝗴𝗮𝗽𝗮𝘆 𝘀𝗮 𝗞𝗮𝗯𝘂𝗵𝗮𝘆𝗮𝗻𝗴 𝘁𝘂𝗻𝗴𝗼 𝘀𝗮 𝗞𝗮𝘂𝗻𝗹𝗮𝗿𝗮𝗻 (𝗞𝗞𝗞), isinagawa Noong 𝗠𝗮𝗿𝘀𝗼 𝟭𝟳, 𝟮𝟬𝟮𝟱 ang programang pinamagatang “𝗣𝗲𝗿𝗳𝘂𝗺𝗲 𝗠𝗮𝗸𝗶𝗻𝗴 𝗧𝗿𝗮𝗶𝗻𝗶𝗻𝗴” para sa mga 𝗣𝗲𝗿𝘀𝗼𝗻𝘀 𝗗𝗲𝗽𝗿𝗶𝘃𝗲𝗱 𝗼𝗳 𝗟𝗶𝗯𝗲𝗿𝘁𝘆 𝗼 𝗣𝗗𝗟 𝗻𝗴 𝗕𝗝𝗠𝗣 - 𝗙𝗲𝗺𝗮𝗹𝗲 𝗗𝗼𝗿𝗺𝗶𝘁𝗼𝗿𝘆. \r\nPinangunahan ito ni 𝗠𝘀. 𝗥𝗼𝘀𝗲𝘁𝘁𝗲 𝗣. 𝗦𝗮𝗿𝗺𝗶𝗲𝗻𝘁𝗼, faculty mula sa Business Administration Program at Extension Coordinator. Layunin ng aktibidad na magbigay ng sapat kaalaman sa tamang paggawa ng pabango. Ibinahagi rin niya ang pinagmulan ng paggawa ng pabango, na lubos na kinagigiliwan ng mga PDL. \r\nBilang pagtatapos ng programa, nagkaroon ng aktibidad ang mga PDL's upang matulungan mahubog ang kanilang kakayahan sa paggawa ng produktong pabango.",
    "cover_photo": "album_covers/519423327_1425825222097789_9037744298480558162_n.jpg",
    "created_at": "2025-09-16T05:16:00.211Z",
    "created_by": null
  }
},
{
  "model": "accounts.photoalbum",
  "pk": 6,
  "fields": {
    "title": "Summative Test for PDL Learners:",
    "description": "19th of June 2025\r\nA big step forward for our PDL learners as they show what they’ve learned and how far they’ve come in their learning journey.\r\n\r\nThanks to the Department of Teacher Education's encouraging faculty. —united in purpose and heart.\r\n\r\nWe would also want to express our sincere gratitude to our colleagues in the Department of Arts and Sciences, headed by their chairperson, Ma'am Kathy J. Gumboc, for their help and support on this day!\r\nA meaningful day of learning and growth.\"",
    "cover_photo": "album_covers/509426317_24615157671420380_2407555831714117260_n.jpg",
    "created_at": "2025-09-16T05:17:56.289Z",
    "created_by": null
  }
},
{
  "model": "accounts.photoalbum",
  "pk": 7,
  "fields": {
    "title": "\"Closing the chapter with hope and wisdom.\"",
    "description": "On this day, June 18, 2025, marks our final tutoring and lecture session this quarter with the Persons Deprived of Liberty (PDLs). We end this journey filled with stories of growth, strength, and the power of learning.\r\nIn the pictures are the discussants, Ms. Crystalle Mae A. Genson Mr. Mathew Oliveros, and Mr. Kenn Pargan, with the tutors from the academic Department of Teacher Education.\r\nWe would also like to express our gratitude to Ma'am @Janette E. Alagar for helping us today.\r\n#departmentofteachereducation",
    "cover_photo": "album_covers/508683754_24608518088751005_4207623917399702593_n.jpg",
    "created_at": "2025-09-16T05:24:20.741Z",
    "created_by": null
  }
},
{
  "model": "accounts.photoalbum",
  "pk": 8,
  "fields": {
    "title": "PERFUME MAKING TRAINING AND BARISTA 101 GRADUATION CEREMONY 👏",
    "description": "The Bacoor City Jail Female Dormitory under the leadership of JSINSP SALLY C BUGUIS, Acting City Jail Warden, in partnership with Bacoorex Project 4: Kaagapay sa Kabuhayan Tungo sa Kaunlaran (KKK) of Cavite State University – Bacoor Campus, successfully conducted the Graduation Ceremony for sixty (60) female Persons Deprived of Liberty (PDLs) who completed the Perfume Making Training and Barista 101. ☕🌸\r\nThis milestone activity served not only as recognition of their perseverance and dedication, but also as a symbol of hope and new beginnings. Through these livelihood programs, the PDLs are equipped with valuable knowledge and practical skills that they can use for future opportunities, self-sufficiency, and smoother reintegration into the community. It also underscored the commitment of the Bureau of Jail Management and Penology (BJMP) to provide holistic and sustainable rehabilitation programs aimed at transforming PDLs into productive and responsible citizens.\r\nThe ceremony was graced by the presence of Ms. Janice A. Nealaga, MBA, Head of Campus Extension Services, together with trainers and instructors from Cavite State University – Bacoor Campus, as well as personnel from the Bacoor City Jail Female Dormitory. Their participation highlighted the strong collaboration between the academe and the jail institution in advancing programs that support the rehabilitation and development of PDLs.\r\n👏 Congratulations to our PDL graduates! Your hard work and determination serve as an inspiration that growth and change are always possible, even within the walls of the facility. 🌟\r\nCity Government of Bacoor\r\nBJMP Regional Office Calabarzon\r\n#ChangingLivesBuildingASaferNation\r\n#PartnersForChange",
    "cover_photo": "album_covers/548168332_2302507413523350_9131494745764555065_n.jpg",
    "created_at": "2025-09-16T05:36:06.396Z",
    "created_by": null
  }
},
{
  "model": "accounts.photoalbum",
  "pk": 9,
  "fields": {
    "title": "𝐓𝐨𝐠𝐞𝐭𝐡𝐞𝐫, 𝐖𝐄 𝐬𝐡𝐢𝐧𝐞 𝐁𝐑𝐈𝐆𝐇𝐓𝐄𝐑! ✨",
    "description": "Under the leadership of JSUPT CHRISTOPHER  R PENILLA, City Jail Warden, and JSINSP EDGARDO M PELAEZ, Assistant City Jail Warden, the Cavite State University (CAVSU)-Bacoor City Campus, led by Ms. Kathy J. Gumboc, Chairperson of the Department of Arts & Sciences, organized a heartwarming Family Fun Day for PDLs and their children as part of PROJECT SHINE.\r\nThis event brought together 50 PDLs, 60 children, and 43 guardians, assisted by BCJ-MD personnel JO1 Emily C Castro, Chief Welfare and Development Officer and JO1 Yvette C. Melgar, the GAD focal person/Project Shine Manager.\r\nThis event aims to maintain family bonds, provide emotional support, and foster a sense of connection, positively impacting the mental health and well-being of both PDLs and their children. Reuniting families helps reduce loneliness and builds a strong support system, which is essential for the reintegration process.\r\nBJMP Regional Office Calabarzon\r\nPA Office Cavite Province\r\nCity Government of Bacoor\r\nCavite State University - Bacoor City Campus\r\n#ChangingLivesBuildingASaferNation\r\n#strikegoalsforcommunityreintegration\r\n#MahusayMakataoAtTapatNaSerbisyoSamaSamaTayo\r\n#projectshine",
    "cover_photo": "album_covers/489915759_660501593288285_3338964517795950036_n.jpg",
    "created_at": "2025-09-16T05:51:31.736Z",
    "created_by": null
  }
},
{
  "model": "accounts.photoalbum",
  "pk": 10,
  "fields": {
    "title": "''𝐅𝐨𝐬𝐭𝐞𝐫𝐢𝐧𝐠 𝐏𝐨𝐬𝐢𝐭𝐢𝐯𝐞 𝐂𝐡𝐚𝐧𝐠𝐞: 𝐀 𝐃𝐚𝐲 𝐢𝐧 𝐭𝐡𝐞 𝐋𝐢𝐟𝐞 𝐨𝐟 𝐚 𝐌𝐨𝐝𝐞𝐫𝐧 𝐉𝐚𝐢𝐥 𝐎𝐟𝐟𝐢𝐜𝐞𝐫''",
    "description": "At Bacoor City Jail Male Dormitory (BCJMD), we are steadfast in our commitment to fostering positive transformation through our structured “7-in-1 Activity” framework. This comprehensive program is carefully designed to address the multifaceted needs of Persons Deprived of Liberty (PDL), ensuring that they are well-equipped for a successful reintegration into society.\r\nToday, April 3, 2025, BCJMD facilitated the following key activities aimed at enhancing the rehabilitation process for PDL:\r\n1. Collaborative meeting with Cavite State University Bacoor Campus\r\n2. Coordination meeting with DOST Cavite for Starbooks \r\n3. HIV and Syphillis Screening\r\n4. Pre-release counselling for PDL\r\n5. Random dorm search and security checks\r\n6. Katatagan Kalusugan at Damayan ng Komunidad (KKDK) Session\r\n7. Focused Support Services based on PDL needs\r\nAs modern jail officers, we play a key role in ensuring an environment that prioritizes security and supports personal growth and rehabilitation of PDL.\r\nBJMP Regional Office Calabarzon\r\nCity Government of Bacoor\r\nPA Office Cavite Province\r\nCavite State University - Bacoor City Campus\r\n#strikegoalsforcommunityreintegration\r\n#MahusayMakataoAtTapatNaSerbisyoSamaSamaTayo\r\n#ChangingLivesBuildingASaferNation\r\n#projectshine",
    "cover_photo": "album_covers/488478551_656365540368557_2517261944858269330_n.jpg",
    "created_at": "2025-09-16T05:55:49.495Z",
    "created_by": null
  }
},
{
  "model": "accounts.photoalbum",
  "pk": 11,
  "fields": {
    "title": "𝐂𝐫𝐞𝐚𝐭𝐢𝐧𝐠 𝐎𝐩𝐩𝐨𝐫𝐭𝐮𝐧𝐢𝐭𝐢𝐞𝐬 𝐚𝐧𝐝 𝐈𝐧𝐬𝐩𝐢𝐫𝐢𝐧𝐠 𝐏𝐨𝐬𝐢𝐭𝐢𝐯𝐞 𝐂𝐡𝐚𝐧𝐠𝐞!",
    "description": "Yesterday, March 25,2025, under the leadership of JSUPT CHRISTOPHER R. PENILLA, City Jail Warden, the Bacoor City Jail-MD successfully hosted a skills training session focused on Bread and Pastry – specifically, Vanilla Chiffon Cake Making. This session was conducted by Cavite State University-Bacoor Campus and attended by 30 Persons Deprived of Liberty (PDL).\r\nThis training is an important milestone in supporting the successful reintegration of PDLs into society. By providing them with essential culinary skills, the program not only enhances their self-esteem but also opens up pathways for future careers and business ventures. By fostering their abilities, we are helping to pave the way for a more promising and productive future, enabling them to make meaningful contributions to their communities.\r\nBJMP Regional Office Calabarzon\r\nCity Government of Bacoor\r\nPA Office Cavite Province\r\nCavite State University - Bacoor City Campus\r\n#strikegoalsforcommunityreintegration\r\n#MahusayMakataoAtTapatNaSerbisyoSamaSamaTayo\r\n#ChangingLivesBuildingASaferNation\r\n#projectshine",
    "cover_photo": "album_covers/486419631_649952171009894_8518122931968094686_n.jpg",
    "created_at": "2025-09-16T05:58:09.023Z",
    "created_by": null
  }
},
{
  "model": "accounts.photoalbum",
  "pk": 12,
  "fields": {
    "title": "𝑬𝒎𝒑𝒐𝒘𝒆𝒓𝒊𝒏𝒈 𝐂𝒉𝒂𝒏𝒈𝒆 𝒂𝒏𝒅 𝐅𝒐𝒔𝒕𝒆𝒓𝒊𝒏𝒈 𝐍𝒆𝒘 𝐎𝒑𝒑𝒐𝒓𝒕𝒖𝒏𝒊𝒕𝒊𝒆𝒔!",
    "description": "Under the leadership of JSUPT CHRISTOPHER R PENILLA, City Jail Warden, the BCJ-MD hosted a two-day skills training on Bread and Pastry, conducted by CAVSU-Bacoor Campus, attended by 43 Persons Deprived of Liberty (PDL). This training marks a significant step towards their reintegration into society.\r\nThis program equips them with valuable culinary skills, boosting confidence and opening doors to future employment and entrepreneurship.\r\n By nurturing their talents, we pave the way for a brighter, productive future where they can contribute to the community.\r\nBJMP Regional Office Calabarzon\r\nCity Government of Bacoor\r\nPA Office Cavite Province\r\nCavite State University - Bacoor City Campus\r\n#ChangingLivesBuildingASaferNation\r\n#strikegoalsforcommunityreintegration\r\n#MahusayMakataoAtTapatNaSerbisyoSamaSamaTayo\r\n#projectshine",
    "cover_photo": "album_covers/486109806_646714504666994_4359496995454880443_n.jpg",
    "created_at": "2025-09-16T05:59:57.217Z",
    "created_by": null
  }
},
{
  "model": "accounts.photoalbum",
  "pk": 13,
  "fields": {
    "title": "Cake Making Training",
    "description": "Session 1- Orientation and Safety Hygiene\r\nBACOOREx: Project 4\r\nBJMP Male Dormitory\r\nTrainor- Ma'am Lordeliza Villota Soriano \r\nHM Faculty and TESDA Assessor\r\n#day1of8",
    "cover_photo": "album_covers/515980665_24675728125358782_4178826351864242040_n.jpg",
    "created_at": "2025-09-16T06:01:25.309Z",
    "created_by": null
  }
},
{
  "model": "accounts.photo",
  "pk": 16,
  "fields": {
    "album": 4,
    "image": "album_photos/518274863_1426636818683296_5817194846922295236_n.jpg",
    "uploaded_at": "2025-09-16T05:14:37.007Z",
    "uploaded_by": null
  }
},
{
  "model": "accounts.photo",
  "pk": 17,
  "fields": {
    "album": 4,
    "image": "album_photos/518276747_1426636762016635_5013057647170039000_n.jpg",
    "uploaded_at": "2025-09-16T05:14:37.030Z",
    "uploaded_by": null
  }
},
{
  "model": "accounts.photo",
  "pk": 18,
  "fields": {
    "album": 4,
    "image": "album_photos/518276797_1426636655349979_3229519099664911904_n.jpg",
    "uploaded_at": "2025-09-16T05:14:37.075Z",
    "uploaded_by": null
  }
},
{
  "model": "accounts.photo",
  "pk": 19,
  "fields": {
    "album": 4,
    "image": "album_photos/518277725_1426636618683316_6163183130269936000_n.jpg",
    "uploaded_at": "2025-09-16T05:14:37.096Z",
    "uploaded_by": null
  }
},
{
  "model": "accounts.photo",
  "pk": 20,
  "fields": {
    "album": 4,
    "image": "album_photos/518277875_1426636748683303_6025824824414421407_n.jpg",
    "uploaded_at": "2025-09-16T05:14:37.119Z",
    "uploaded_by": null
  }
},
{
  "model": "accounts.photo",
  "pk": 21,
  "fields": {
    "album": 4,
    "image": "album_photos/518277891_1426636602016651_4732733742274557896_n.jpg",
    "uploaded_at": "2025-09-16T05:14:37.142Z",
    "uploaded_by": null
  }
},
{
  "model": "accounts.photo",
  "pk": 22,
  "fields": {
    "album": 4,
    "image": "album_photos/518288837_1426636778683300_4605301404399284330_n.jpg",
    "uploaded_at": "2025-09-16T05:14:37.201Z",
    "uploaded_by": null
  }
},
{
  "model": "accounts.photo",
  "pk": 23,
  "fields": {
    "album": 4,
    "image": "album_photos/518387262_1426636622016649_784137666571439641_n.jpg",
    "uploaded_at": "2025-09-16T05:14:37.223Z",
    "uploaded_by": null
  }
},
{
  "model": "accounts.photo",
  "pk": 24,
  "fields": {
    "album": 4,
    "image": "album_photos/518392466_1426636658683312_2048500240870919091_n.jpg",
    "uploaded_at": "2025-09-16T05:14:37.247Z",
    "uploaded_by": null
  }
},
{
  "model": "accounts.photo",
  "pk": 25,
  "fields": {
    "album": 4,
    "image": "album_photos/518392679_1426636648683313_8768946181590476322_n.jpg",
    "uploaded_at": "2025-09-16T05:14:37.268Z",
    "uploaded_by": null
  }
},
{
  "model": "accounts.photo",
  "pk": 26,
  "fields": {
    "album": 5,
    "image": "album_photos/518271975_1425824815431163_7272649252321420638_n.jpg",
    "uploaded_at": "2025-09-16T05:16:15.655Z",
    "uploaded_by": null
  }
},
{
  "model": "accounts.photo",
  "pk": 27,
  "fields": {
    "album": 5,
    "image": "album_photos/518274326_1425824912097820_1104449274004356679_n.jpg",
    "uploaded_at": "2025-09-16T05:16:15.669Z",
    "uploaded_by": null
  }
},
{
  "model": "accounts.photo",
  "pk": 28,
  "fields": {
    "album": 5,
    "image": "album_photos/518274795_1425824902097821_9109817094381492705_n.jpg",
    "uploaded_at": "2025-09-16T05:16:15.684Z",
    "uploaded_by": null
  }
},
{
  "model": "accounts.photo",
  "pk": 29,
  "fields": {
    "album": 5,
    "image": "album_photos/518276682_1425824835431161_3172726555392565020_n.jpg",
    "uploaded_at": "2025-09-16T05:16:15.699Z",
    "uploaded_by": null
  }
},
{
  "model": "accounts.photo",
  "pk": 30,
  "fields": {
    "album": 5,
    "image": "album_photos/518371697_1425824838764494_972480718071533959_n.jpg",
    "uploaded_at": "2025-09-16T05:16:15.713Z",
    "uploaded_by": null
  }
},
{
  "model": "accounts.photo",
  "pk": 31,
  "fields": {
    "album": 5,
    "image": "album_photos/518427875_1425824988764479_3099358764717140619_n.jpg",
    "uploaded_at": "2025-09-16T05:16:15.726Z",
    "uploaded_by": null
  }
},
{
  "model": "accounts.photo",
  "pk": 32,
  "fields": {
    "album": 5,
    "image": "album_photos/518432042_1425824878764490_8237336395420289244_n.jpg",
    "uploaded_at": "2025-09-16T05:16:15.742Z",
    "uploaded_by": null
  }
},
{
  "model": "accounts.photo",
  "pk": 33,
  "fields": {
    "album": 5,
    "image": "album_photos/519072598_1425824998764478_35976868834899681_n.jpg",
    "uploaded_at": "2025-09-16T05:16:15.758Z",
    "uploaded_by": null
  }
},
{
  "model": "accounts.photo",
  "pk": 34,
  "fields": {
    "album": 5,
    "image": "album_photos/519332078_1425825155431129_1907006220122069870_n.jpg",
    "uploaded_at": "2025-09-16T05:16:15.776Z",
    "uploaded_by": null
  }
},
{
  "model": "accounts.photo",
  "pk": 35,
  "fields": {
    "album": 5,
    "image": "album_photos/519423327_1425825222097789_9037744298480558162_n.jpg",
    "uploaded_at": "2025-09-16T05:16:15.793Z",
    "uploaded_by": null
  }
},
{
  "model": "accounts.photo",
  "pk": 36,
  "fields": {
    "album": 6,
    "image": "album_photos/509426317_24615157671420380_2407555831714117260_n.jpg",
    "uploaded_at": "2025-09-16T05:18:12.332Z",
    "uploaded_by": null
  }
},
{
  "model": "accounts.photo",
  "pk": 37,
  "fields": {
    "album": 6,
    "image": "album_photos/509427019_24615157938087020_3854511603983544435_n.jpg",
    "uploaded_at": "2025-09-16T05:18:12.338Z",
    "uploaded_by": null
  }
},
{
  "model": "accounts.photo",
  "pk": 38,
  "fields": {
    "album": 6,
    "image": "album_photos/509427530_24615157668087047_2641389337416574530_n.jpg",
    "uploaded_at": "2025-09-16T05:18:12.344Z",
    "uploaded_by": null
  }
},
{
  "model": "accounts.photo",
  "pk": 39,
  "fields": {
    "album": 6,
    "image": "album_photos/510330080_24615158448086969_2763507212574694568_n.jpg",
    "uploaded_at": "2025-09-16T05:18:12.350Z",
    "uploaded_by": null
  }
},
{
  "model": "accounts.photo",
  "pk": 40,
  "fields": {
    "album": 6,
    "image": "album_photos/511249831_24615158151420332_4800274057520936624_n.jpg",
    "uploaded_at": "2025-09-16T05:18:12.356Z",
    "uploaded_by": null
  }
},
{
  "model": "accounts.photo",
  "pk": 41,
  "fields": {
    "album": 6,
    "image": "album_photos/511317366_24615158538086960_8719918652664488419_n.jpg",
    "uploaded_at": "2025-09-16T05:18:12.362Z",
    "uploaded_by": null
  }
},
{
  "model": "accounts.photo",
  "pk": 42,
  "fields": {
    "album": 6,
    "image": "album_photos/511322724_24615157664753714_8519098923448894281_n.jpg",
    "uploaded_at": "2025-09-16T05:18:12.369Z",
    "uploaded_by": null
  }
},
{
  "model": "accounts.photo",
  "pk": 43,
  "fields": {
    "album": 6,
    "image": "album_photos/511327478_24615158191420328_4309553536909497203_n.jpg",
    "uploaded_at": "2025-09-16T05:18:12.375Z",
    "uploaded_by": null
  }
},
{
  "model": "accounts.photo",
  "pk": 44,
  "fields": {
    "album": 6,
    "image": "album_photos/511330100_24615157968087017_1895424678033655604_n.jpg",
    "uploaded_at": "2025-09-16T05:18:12.381Z",
    "uploaded_by": null
  }
},
{
  "model": "accounts.photo",
  "pk": 45,
  "fields": {
    "album": 6,
    "image": "album_photos/512011070_24615157971420350_1556174675085013698_n.jpg",
    "uploaded_at": "2025-09-16T05:18:12.387Z",
    "uploaded_by": null
  }
},
{
  "model": "accounts.photo",
  "pk": 46,
  "fields": {
    "album": 7,
    "image": "album_photos/508683754_24608518088751005_4207623917399702593_n.jpg",
    "uploaded_at": "2025-09-16T05:24:32.435Z",
    "uploaded_by": null
  }
},
{
  "model": "accounts.photo",
  "pk": 47,
  "fields": {
    "album": 7,
    "image": "album_photos/509355147_24608518278750986_3565120733380927388_n.jpg",
    "uploaded_at": "2025-09-16T05:24:32.457Z",
    "uploaded_by": null
  }
},
{
  "model": "accounts.photo",
  "pk": 48,
  "fields": {
    "album": 7,
    "image": "album_photos/509419373_24608517798751034_657617298234582377_n.jpg",
    "uploaded_at": "2025-09-16T05:24:32.476Z",
    "uploaded_by": null
  }
},
{
  "model": "accounts.photo",
  "pk": 49,
  "fields": {
    "album": 7,
    "image": "album_photos/509421552_24608517785417702_669931758454724848_n.jpg",
    "uploaded_at": "2025-09-16T05:24:32.494Z",
    "uploaded_by": null
  }
},
{
  "model": "accounts.photo",
  "pk": 50,
  "fields": {
    "album": 7,
    "image": "album_photos/509423277_24608518308750983_5767706377872546279_n.jpg",
    "uploaded_at": "2025-09-16T05:24:32.514Z",
    "uploaded_by": null
  }
},
{
  "model": "accounts.photo",
  "pk": 51,
  "fields": {
    "album": 7,
    "image": "album_photos/509431976_24608518335417647_3813293680330024250_n.jpg",
    "uploaded_at": "2025-09-16T05:24:32.536Z",
    "uploaded_by": null
  }
},
{
  "model": "accounts.photo",
  "pk": 52,
  "fields": {
    "album": 7,
    "image": "album_photos/509432938_24608518778750936_3939130420791004140_n.jpg",
    "uploaded_at": "2025-09-16T05:24:32.564Z",
    "uploaded_by": null
  }
},
{
  "model": "accounts.photo",
  "pk": 53,
  "fields": {
    "album": 7,
    "image": "album_photos/509436241_24608517805417700_2458254061966307044_n.jpg",
    "uploaded_at": "2025-09-16T05:24:32.586Z",
    "uploaded_by": null
  }
},
{
  "model": "accounts.photo",
  "pk": 54,
  "fields": {
    "album": 7,
    "image": "album_photos/510253597_24608518785417602_7496583618127040200_n.jpg",
    "uploaded_at": "2025-09-16T05:24:32.614Z",
    "uploaded_by": null
  }
},
{
  "model": "accounts.photo",
  "pk": 55,
  "fields": {
    "album": 7,
    "image": "album_photos/510282031_24608518542084293_6019206281739284211_n.jpg",
    "uploaded_at": "2025-09-16T05:24:32.636Z",
    "uploaded_by": null
  }
},
{
  "model": "accounts.photo",
  "pk": 56,
  "fields": {
    "album": 7,
    "image": "album_photos/510354216_24608518105417670_4377702023244608686_n.jpg",
    "uploaded_at": "2025-09-16T05:24:32.656Z",
    "uploaded_by": null
  }
},
{
  "model": "accounts.photo",
  "pk": 57,
  "fields": {
    "album": 7,
    "image": "album_photos/510915184_24608518615417619_1910098697061516819_n.jpg",
    "uploaded_at": "2025-09-16T05:24:32.678Z",
    "uploaded_by": null
  }
},
{
  "model": "accounts.photo",
  "pk": 58,
  "fields": {
    "album": 7,
    "image": "album_photos/510932205_24608518562084291_6717046036295899668_n.jpg",
    "uploaded_at": "2025-09-16T05:24:32.698Z",
    "uploaded_by": null
  }
},
{
  "model": "accounts.photo",
  "pk": 59,
  "fields": {
    "album": 7,
    "image": "album_photos/511308029_24608518108751003_1440708750572732570_n.jpg",
    "uploaded_at": "2025-09-16T05:24:32.721Z",
    "uploaded_by": null
  }
},
{
  "model": "accounts.photo",
  "pk": 60,
  "fields": {
    "album": 8,
    "image": "album_photos/547686713_2302507700189988_3537261072244898813_n.jpg",
    "uploaded_at": "2025-09-16T05:36:49.175Z",
    "uploaded_by": null
  }
},
{
  "model": "accounts.photo",
  "pk": 61,
  "fields": {
    "album": 8,
    "image": "album_photos/547720665_2302507973523294_1182124119896472925_n.jpg",
    "uploaded_at": "2025-09-16T05:36:49.189Z",
    "uploaded_by": null
  }
},
{
  "model": "accounts.photo",
  "pk": 62,
  "fields": {
    "album": 8,
    "image": "album_photos/548195044_2302507976856627_8309793581606049367_n.jpg",
    "uploaded_at": "2025-09-16T05:36:49.202Z",
    "uploaded_by": null
  }
},
{
  "model": "accounts.photo",
  "pk": 63,
  "fields": {
    "album": 8,
    "image": "album_photos/548207331_2302507506856674_5766981691044066124_n.jpg",
    "uploaded_at": "2025-09-16T05:36:49.215Z",
    "uploaded_by": null
  }
},
{
  "model": "accounts.photo",
  "pk": 64,
  "fields": {
    "album": 8,
    "image": "album_photos/548219574_2302507796856645_8750421740086342175_n.jpg",
    "uploaded_at": "2025-09-16T05:36:49.227Z",
    "uploaded_by": null
  }
},
{
  "model": "accounts.photo",
  "pk": 65,
  "fields": {
    "album": 8,
    "image": "album_photos/548278947_2302508036856621_7151752771192138976_n.jpg",
    "uploaded_at": "2025-09-16T05:36:49.240Z",
    "uploaded_by": null
  }
},
{
  "model": "accounts.photo",
  "pk": 66,
  "fields": {
    "album": 8,
    "image": "album_photos/549137002_2302507590189999_8129709136039200742_n.jpg",
    "uploaded_at": "2025-09-16T05:36:49.253Z",
    "uploaded_by": null
  }
},
{
  "model": "accounts.photo",
  "pk": 67,
  "fields": {
    "album": 9,
    "image": "album_photos/489326078_660502123288232_4614130477375778784_n.jpg",
    "uploaded_at": "2025-09-16T05:51:44.077Z",
    "uploaded_by": null
  }
},
{
  "model": "accounts.photo",
  "pk": 68,
  "fields": {
    "album": 9,
    "image": "album_photos/489406685_660501953288249_6819966661550052991_n.jpg",
    "uploaded_at": "2025-09-16T05:51:44.090Z",
    "uploaded_by": null
  }
},
{
  "model": "accounts.photo",
  "pk": 69,
  "fields": {
    "album": 9,
    "image": "album_photos/489416594_660501756621602_1421819126565122261_n.jpg",
    "uploaded_at": "2025-09-16T05:51:44.102Z",
    "uploaded_by": null
  }
},
{
  "model": "accounts.photo",
  "pk": 70,
  "fields": {
    "album": 9,
    "image": "album_photos/489426910_660501713288273_1476168845495005230_n.jpg",
    "uploaded_at": "2025-09-16T05:51:44.117Z",
    "uploaded_by": null
  }
},
{
  "model": "accounts.photo",
  "pk": 71,
  "fields": {
    "album": 9,
    "image": "album_photos/489443233_660501643288280_437059479294761153_n.jpg",
    "uploaded_at": "2025-09-16T05:51:44.130Z",
    "uploaded_by": null
  }
},
{
  "model": "accounts.photo",
  "pk": 72,
  "fields": {
    "album": 9,
    "image": "album_photos/489650592_660501809954930_4056023443758525477_n.jpg",
    "uploaded_at": "2025-09-16T05:51:44.141Z",
    "uploaded_by": null
  }
},
{
  "model": "accounts.photo",
  "pk": 73,
  "fields": {
    "album": 9,
    "image": "album_photos/489682717_660502146621563_622537556979649899_n.jpg",
    "uploaded_at": "2025-09-16T05:51:44.155Z",
    "uploaded_by": null
  }
},
{
  "model": "accounts.photo",
  "pk": 74,
  "fields": {
    "album": 9,
    "image": "album_photos/489751079_660502026621575_5320454992017570927_n.jpg",
    "uploaded_at": "2025-09-16T05:51:44.169Z",
    "uploaded_by": null
  }
},
{
  "model": "accounts.photo",
  "pk": 75,
  "fields": {
    "album": 9,
    "image": "album_photos/489776124_660501853288259_1005507682214760958_n.jpg",
    "uploaded_at": "2025-09-16T05:51:44.181Z",
    "uploaded_by": null
  }
},
{
  "model": "accounts.photo",
  "pk": 76,
  "fields": {
    "album": 9,
    "image": "album_photos/489844962_660501596621618_8607934687310147547_n.jpg",
    "uploaded_at": "2025-09-16T05:51:44.195Z",
    "uploaded_by": null
  }
},
{
  "model": "accounts.photo",
  "pk": 77,
  "fields": {
    "album": 9,
    "image": "album_photos/489897265_660501849954926_2914041355694515482_n.jpg",
    "uploaded_at": "2025-09-16T05:51:44.208Z",
    "uploaded_by": null
  }
},
{
  "model": "accounts.photo",
  "pk": 78,
  "fields": {
    "album": 9,
    "image": "album_photos/489921882_660501749954936_9198574464965704854_n.jpg",
    "uploaded_at": "2025-09-16T05:51:44.222Z",
    "uploaded_by": null
  }
},
{
  "model": "accounts.photo",
  "pk": 79,
  "fields": {
    "album": 9,
    "image": "album_photos/489950601_660501926621585_5676879827725965426_n.jpg",
    "uploaded_at": "2025-09-16T05:51:44.235Z",
    "uploaded_by": null
  }
},
{
  "model": "accounts.photo",
  "pk": 80,
  "fields": {
    "album": 9,
    "image": "album_photos/489952204_660502099954901_2717579927547800361_n.jpg",
    "uploaded_at": "2025-09-16T05:51:44.250Z",
    "uploaded_by": null
  }
},
{
  "model": "accounts.photo",
  "pk": 81,
  "fields": {
    "album": 9,
    "image": "album_photos/489961329_660501669954944_6080814053238710015_n.jpg",
    "uploaded_at": "2025-09-16T05:51:44.265Z",
    "uploaded_by": null
  }
},
{
  "model": "accounts.photo",
  "pk": 82,
  "fields": {
    "album": 9,
    "image": "album_photos/490028702_660502006621577_343680717215916708_n.jpg",
    "uploaded_at": "2025-09-16T05:51:44.280Z",
    "uploaded_by": null
  }
},
{
  "model": "accounts.photo",
  "pk": 83,
  "fields": {
    "album": 9,
    "image": "album_photos/490134840_660501673288277_1912007982640446731_n.jpg",
    "uploaded_at": "2025-09-16T05:51:44.293Z",
    "uploaded_by": null
  }
},
{
  "model": "accounts.photo",
  "pk": 84,
  "fields": {
    "album": 9,
    "image": "album_photos/490233463_660501589954952_8384226563965428213_n.jpg",
    "uploaded_at": "2025-09-16T05:51:44.308Z",
    "uploaded_by": null
  }
},
{
  "model": "accounts.photo",
  "pk": 85,
  "fields": {
    "album": 9,
    "image": "album_photos/490238005_660501906621587_1190610899738264487_n.jpg",
    "uploaded_at": "2025-09-16T05:51:44.332Z",
    "uploaded_by": null
  }
},
{
  "model": "accounts.photo",
  "pk": 86,
  "fields": {
    "album": 10,
    "image": "album_photos/487444939_656365550368556_8128755576963034737_n.jpg",
    "uploaded_at": "2025-09-16T05:56:07.117Z",
    "uploaded_by": null
  }
},
{
  "model": "accounts.photo",
  "pk": 87,
  "fields": {
    "album": 10,
    "image": "album_photos/487465063_656366053701839_7669313854137811349_n.jpg",
    "uploaded_at": "2025-09-16T05:56:07.132Z",
    "uploaded_by": null
  }
},
{
  "model": "accounts.photo",
  "pk": 88,
  "fields": {
    "album": 10,
    "image": "album_photos/487479820_656366013701843_509885322359081698_n.jpg",
    "uploaded_at": "2025-09-16T05:56:07.145Z",
    "uploaded_by": null
  }
},
{
  "model": "accounts.photo",
  "pk": 89,
  "fields": {
    "album": 10,
    "image": "album_photos/487549888_656365630368548_5820962433090135204_n.jpg",
    "uploaded_at": "2025-09-16T05:56:07.158Z",
    "uploaded_by": null
  }
},
{
  "model": "accounts.photo",
  "pk": 90,
  "fields": {
    "album": 10,
    "image": "album_photos/487592113_656365887035189_4800787894251717111_n.jpg",
    "uploaded_at": "2025-09-16T05:56:07.171Z",
    "uploaded_by": null
  }
},
{
  "model": "accounts.photo",
  "pk": 91,
  "fields": {
    "album": 10,
    "image": "album_photos/487773571_656365733701871_5037183445753928462_n.jpg",
    "uploaded_at": "2025-09-16T05:56:07.183Z",
    "uploaded_by": null
  }
},
{
  "model": "accounts.photo",
  "pk": 92,
  "fields": {
    "album": 10,
    "image": "album_photos/487799571_656365970368514_6805694165075593511_n.jpg",
    "uploaded_at": "2025-09-16T05:56:07.197Z",
    "uploaded_by": null
  }
},
{
  "model": "accounts.photo",
  "pk": 93,
  "fields": {
    "album": 10,
    "image": "album_photos/487805091_656366110368500_1343723942262494649_n.jpg",
    "uploaded_at": "2025-09-16T05:56:07.210Z",
    "uploaded_by": null
  }
},
{
  "model": "accounts.photo",
  "pk": 94,
  "fields": {
    "album": 10,
    "image": "album_photos/487854423_656365603701884_8251821244892251997_n.jpg",
    "uploaded_at": "2025-09-16T05:56:07.222Z",
    "uploaded_by": null
  }
},
{
  "model": "accounts.photo",
  "pk": 95,
  "fields": {
    "album": 10,
    "image": "album_photos/487856439_656365847035193_5068416440888464107_n.jpg",
    "uploaded_at": "2025-09-16T05:56:07.236Z",
    "uploaded_by": null
  }
},
{
  "model": "accounts.photo",
  "pk": 96,
  "fields": {
    "album": 10,
    "image": "album_photos/487871006_656366150368496_2770802263490066289_n.jpg",
    "uploaded_at": "2025-09-16T05:56:07.249Z",
    "uploaded_by": null
  }
},
{
  "model": "accounts.photo",
  "pk": 97,
  "fields": {
    "album": 10,
    "image": "album_photos/487876700_656365690368542_5294836133222992939_n.jpg",
    "uploaded_at": "2025-09-16T05:56:07.282Z",
    "uploaded_by": null
  }
},
{
  "model": "accounts.photo",
  "pk": 98,
  "fields": {
    "album": 10,
    "image": "album_photos/488038322_656365613701883_3985415054804401485_n.jpg",
    "uploaded_at": "2025-09-16T05:56:07.296Z",
    "uploaded_by": null
  }
},
{
  "model": "accounts.photo",
  "pk": 99,
  "fields": {
    "album": 10,
    "image": "album_photos/488223336_656365930368518_3742820701282547988_n.jpg",
    "uploaded_at": "2025-09-16T05:56:07.310Z",
    "uploaded_by": null
  }
},
{
  "model": "accounts.photo",
  "pk": 100,
  "fields": {
    "album": 10,
    "image": "album_photos/488275336_656365810368530_39424507693757575_n.jpg",
    "uploaded_at": "2025-09-16T05:56:07.323Z",
    "uploaded_by": null
  }
},
{
  "model": "accounts.photo",
  "pk": 101,
  "fields": {
    "album": 10,
    "image": "album_photos/488363915_656366047035173_2070798191030618633_n.jpg",
    "uploaded_at": "2025-09-16T05:56:07.343Z",
    "uploaded_by": null
  }
},
{
  "model": "accounts.photo",
  "pk": 102,
  "fields": {
    "album": 10,
    "image": "album_photos/488546419_656365790368532_4790449059524206450_n.jpg",
    "uploaded_at": "2025-09-16T05:56:07.357Z",
    "uploaded_by": null
  }
},
{
  "model": "accounts.photo",
  "pk": 103,
  "fields": {
    "album": 10,
    "image": "album_photos/488892717_656365713701873_1808027601596842706_n.jpg",
    "uploaded_at": "2025-09-16T05:56:07.371Z",
    "uploaded_by": null
  }
},
{
  "model": "accounts.photo",
  "pk": 104,
  "fields": {
    "album": 10,
    "image": "album_photos/488998881_656366077035170_2174906764315400943_n.jpg",
    "uploaded_at": "2025-09-16T05:56:07.384Z",
    "uploaded_by": null
  }
},
{
  "model": "accounts.photo",
  "pk": 105,
  "fields": {
    "album": 11,
    "image": "album_photos/485945045_649952751009836_8567494748223022577_n.jpg",
    "uploaded_at": "2025-09-16T05:58:22.149Z",
    "uploaded_by": null
  }
},
{
  "model": "accounts.photo",
  "pk": 106,
  "fields": {
    "album": 11,
    "image": "album_photos/486071185_649952377676540_1629670276697351937_n.jpg",
    "uploaded_at": "2025-09-16T05:58:22.178Z",
    "uploaded_by": null
  }
},
{
  "model": "accounts.photo",
  "pk": 107,
  "fields": {
    "album": 11,
    "image": "album_photos/486317319_649952357676542_1445334450770245609_n.jpg",
    "uploaded_at": "2025-09-16T05:58:22.192Z",
    "uploaded_by": null
  }
},
{
  "model": "accounts.photo",
  "pk": 108,
  "fields": {
    "album": 11,
    "image": "album_photos/486350880_649952577676520_1495149312327782654_n.jpg",
    "uploaded_at": "2025-09-16T05:58:22.205Z",
    "uploaded_by": null
  }
},
{
  "model": "accounts.photo",
  "pk": 109,
  "fields": {
    "album": 11,
    "image": "album_photos/486355229_649952327676545_6070159100661579644_n.jpg",
    "uploaded_at": "2025-09-16T05:58:22.218Z",
    "uploaded_by": null
  }
},
{
  "model": "accounts.photo",
  "pk": 110,
  "fields": {
    "album": 11,
    "image": "album_photos/486380894_649952677676510_7321625495546667642_n.jpg",
    "uploaded_at": "2025-09-16T05:58:22.232Z",
    "uploaded_by": null
  }
},
{
  "model": "accounts.photo",
  "pk": 111,
  "fields": {
    "album": 11,
    "image": "album_photos/486417774_649952547676523_3605017980900320519_n.jpg",
    "uploaded_at": "2025-09-16T05:58:22.245Z",
    "uploaded_by": null
  }
},
{
  "model": "accounts.photo",
  "pk": 112,
  "fields": {
    "album": 11,
    "image": "album_photos/486431830_649952204343224_4536768531870364494_n.jpg",
    "uploaded_at": "2025-09-16T05:58:22.257Z",
    "uploaded_by": null
  }
},
{
  "model": "accounts.photo",
  "pk": 113,
  "fields": {
    "album": 11,
    "image": "album_photos/486448163_649952597676518_3092964136243024782_n.jpg",
    "uploaded_at": "2025-09-16T05:58:22.270Z",
    "uploaded_by": null
  }
},
{
  "model": "accounts.photo",
  "pk": 114,
  "fields": {
    "album": 11,
    "image": "album_photos/486523754_649952407676537_9068580901082757078_n.jpg",
    "uploaded_at": "2025-09-16T05:58:22.283Z",
    "uploaded_by": null
  }
},
{
  "model": "accounts.photo",
  "pk": 115,
  "fields": {
    "album": 11,
    "image": "album_photos/486602430_649952637676514_5585908335916241375_n.jpg",
    "uploaded_at": "2025-09-16T05:58:22.297Z",
    "uploaded_by": null
  }
},
{
  "model": "accounts.photo",
  "pk": 116,
  "fields": {
    "album": 11,
    "image": "album_photos/486656421_649952661009845_7998830352159452491_n.jpg",
    "uploaded_at": "2025-09-16T05:58:22.310Z",
    "uploaded_by": null
  }
},
{
  "model": "accounts.photo",
  "pk": 117,
  "fields": {
    "album": 11,
    "image": "album_photos/486672389_649952267676551_5118760419566952676_n.jpg",
    "uploaded_at": "2025-09-16T05:58:22.323Z",
    "uploaded_by": null
  }
},
{
  "model": "accounts.photo",
  "pk": 118,
  "fields": {
    "album": 11,
    "image": "album_photos/486685146_649952754343169_1069094730267855108_n.jpg",
    "uploaded_at": "2025-09-16T05:58:22.336Z",
    "uploaded_by": null
  }
},
{
  "model": "accounts.photo",
  "pk": 119,
  "fields": {
    "album": 11,
    "image": "album_photos/486791533_649987907672987_5736850395999015563_n.jpg",
    "uploaded_at": "2025-09-16T05:58:22.349Z",
    "uploaded_by": null
  }
},
{
  "model": "accounts.photo",
  "pk": 120,
  "fields": {
    "album": 11,
    "image": "album_photos/486840412_649952434343201_1607577396019581086_n.jpg",
    "uploaded_at": "2025-09-16T05:58:22.367Z",
    "uploaded_by": null
  }
},
{
  "model": "accounts.photo",
  "pk": 121,
  "fields": {
    "album": 11,
    "image": "album_photos/486895555_649952507676527_8926561806349418767_n.jpg",
    "uploaded_at": "2025-09-16T05:58:22.380Z",
    "uploaded_by": null
  }
},
{
  "model": "accounts.photo",
  "pk": 122,
  "fields": {
    "album": 11,
    "image": "album_photos/486962484_649952201009891_6641049545232161000_n.jpg",
    "uploaded_at": "2025-09-16T05:58:22.393Z",
    "uploaded_by": null
  }
},
{
  "model": "accounts.photo",
  "pk": 123,
  "fields": {
    "album": 11,
    "image": "album_photos/487035558_649952454343199_3173608195909207093_n.jpg",
    "uploaded_at": "2025-09-16T05:58:22.405Z",
    "uploaded_by": null
  }
},
{
  "model": "accounts.photo",
  "pk": 124,
  "fields": {
    "album": 11,
    "image": "album_photos/487046919_649952294343215_4351577568802956657_n.jpg",
    "uploaded_at": "2025-09-16T05:58:22.418Z",
    "uploaded_by": null
  }
},
{
  "model": "accounts.photo",
  "pk": 125,
  "fields": {
    "album": 12,
    "image": "album_photos/484857706_646713561333755_4637435850095975954_n.jpg",
    "uploaded_at": "2025-09-16T06:00:10.502Z",
    "uploaded_by": null
  }
},
{
  "model": "accounts.photo",
  "pk": 126,
  "fields": {
    "album": 12,
    "image": "album_photos/485009298_646711668000611_8306152253900685086_n.jpg",
    "uploaded_at": "2025-09-16T06:00:10.515Z",
    "uploaded_by": null
  }
},
{
  "model": "accounts.photo",
  "pk": 127,
  "fields": {
    "album": 12,
    "image": "album_photos/485010401_646710691334042_787846952109538548_n.jpg",
    "uploaded_at": "2025-09-16T06:00:10.529Z",
    "uploaded_by": null
  }
},
{
  "model": "accounts.photo",
  "pk": 128,
  "fields": {
    "album": 12,
    "image": "album_photos/485033801_646711504667294_1301656050052347994_n.jpg",
    "uploaded_at": "2025-09-16T06:00:10.542Z",
    "uploaded_by": null
  }
},
{
  "model": "accounts.photo",
  "pk": 129,
  "fields": {
    "album": 12,
    "image": "album_photos/485050196_646710974667347_1625469789370443468_n.jpg",
    "uploaded_at": "2025-09-16T06:00:10.554Z",
    "uploaded_by": null
  }
},
{
  "model": "accounts.photo",
  "pk": 130,
  "fields": {
    "album": 12,
    "image": "album_photos/485133318_646714188000359_7223182430624849508_n.jpg",
    "uploaded_at": "2025-09-16T06:00:10.568Z",
    "uploaded_by": null
  }
},
{
  "model": "accounts.photo",
  "pk": 131,
  "fields": {
    "album": 12,
    "image": "album_photos/485179166_646712358000542_4731095166497094495_n.jpg",
    "uploaded_at": "2025-09-16T06:00:10.582Z",
    "uploaded_by": null
  }
},
{
  "model": "accounts.photo",
  "pk": 132,
  "fields": {
    "album": 12,
    "image": "album_photos/485295626_646710891334022_6697811080212706525_n.jpg",
    "uploaded_at": "2025-09-16T06:00:10.622Z",
    "uploaded_by": null
  }
},
{
  "model": "accounts.photo",
  "pk": 133,
  "fields": {
    "album": 12,
    "image": "album_photos/485302492_646714638000314_753828528916297643_n.jpg",
    "uploaded_at": "2025-09-16T06:00:10.636Z",
    "uploaded_by": null
  }
},
{
  "model": "accounts.photo",
  "pk": 134,
  "fields": {
    "album": 12,
    "image": "album_photos/485307021_646712491333862_6824813763451574537_n.jpg",
    "uploaded_at": "2025-09-16T06:00:10.649Z",
    "uploaded_by": null
  }
},
{
  "model": "accounts.photo",
  "pk": 135,
  "fields": {
    "album": 12,
    "image": "album_photos/485334883_646710611334050_5023477151530571951_n.jpg",
    "uploaded_at": "2025-09-16T06:00:10.662Z",
    "uploaded_by": null
  }
},
{
  "model": "accounts.photo",
  "pk": 136,
  "fields": {
    "album": 12,
    "image": "album_photos/485357381_646712541333857_4380999223575438718_n.jpg",
    "uploaded_at": "2025-09-16T06:00:10.675Z",
    "uploaded_by": null
  }
},
{
  "model": "accounts.photo",
  "pk": 137,
  "fields": {
    "album": 12,
    "image": "album_photos/485375996_646715154666929_5462826193922858186_n.jpg",
    "uploaded_at": "2025-09-16T06:00:10.690Z",
    "uploaded_by": null
  }
},
{
  "model": "accounts.photo",
  "pk": 138,
  "fields": {
    "album": 12,
    "image": "album_photos/485696035_646712671333844_5529373647809787249_n.jpg",
    "uploaded_at": "2025-09-16T06:00:10.703Z",
    "uploaded_by": null
  }
},
{
  "model": "accounts.photo",
  "pk": 139,
  "fields": {
    "album": 12,
    "image": "album_photos/485727508_646712524667192_3344383124812742345_n.jpg",
    "uploaded_at": "2025-09-16T06:00:10.715Z",
    "uploaded_by": null
  }
},
{
  "model": "accounts.photo",
  "pk": 140,
  "fields": {
    "album": 12,
    "image": "album_photos/485728852_646711768000601_5079205987342858132_n.jpg",
    "uploaded_at": "2025-09-16T06:00:10.729Z",
    "uploaded_by": null
  }
},
{
  "model": "accounts.photo",
  "pk": 141,
  "fields": {
    "album": 12,
    "image": "album_photos/485729607_646712374667207_7112492538783670006_n.jpg",
    "uploaded_at": "2025-09-16T06:00:10.742Z",
    "uploaded_by": null
  }
},
{
  "model": "accounts.photo",
  "pk": 142,
  "fields": {
    "album": 12,
    "image": "album_photos/485744058_646715388000239_314063085223653101_n.jpg",
    "uploaded_at": "2025-09-16T06:00:10.755Z",
    "uploaded_by": null
  }
},
{
  "model": "accounts.photo",
  "pk": 143,
  "fields": {
    "album": 12,
    "image": "album_photos/486088719_646714881333623_9041989105605093381_n.jpg",
    "uploaded_at": "2025-09-16T06:00:10.768Z",
    "uploaded_by": null
  }
},
{
  "model": "accounts.photo",
  "pk": 144,
  "fields": {
    "album": 12,
    "image": "album_photos/486124976_646710594667385_8407580978424275223_n.jpg",
    "uploaded_at": "2025-09-16T06:00:10.781Z",
    "uploaded_by": null
  }
},
{
  "model": "accounts.photo",
  "pk": 145,
  "fields": {
    "album": 13,
    "image": "album_photos/515721398_24675728182025443_3632002973568215150_n.jpg",
    "uploaded_at": "2025-09-16T06:01:35.745Z",
    "uploaded_by": null
  }
},
{
  "model": "accounts.photo",
  "pk": 146,
  "fields": {
    "album": 13,
    "image": "album_photos/515928357_24675728155358779_51348127545733791_n.jpg",
    "uploaded_at": "2025-09-16T06:01:35.762Z",
    "uploaded_by": null
  }
},
{
  "model": "accounts.photo",
  "pk": 147,
  "fields": {
    "album": 13,
    "image": "album_photos/515980665_24675728125358782_4178826351864242040_n.jpg",
    "uploaded_at": "2025-09-16T06:01:35.776Z",
    "uploaded_by": null
  }
},
{
  "model": "accounts.photo",
  "pk": 148,
  "fields": {
    "album": 13,
    "image": "album_photos/516079448_24675727855358809_3168442867724569684_n.jpg",
    "uploaded_at": "2025-09-16T06:01:35.790Z",
    "uploaded_by": null
  }
},
{
  "model": "accounts.photo",
  "pk": 149,
  "fields": {
    "album": 13,
    "image": "album_photos/516383046_24675728198692108_2077639619766992814_n.jpg",
    "uploaded_at": "2025-09-16T06:01:35.804Z",
    "uploaded_by": null
  }
},
{
  "model": "accounts.photo",
  "pk": 150,
  "fields": {
    "album": 13,
    "image": "album_photos/516388808_24675728138692114_1896698032072240872_n.jpg",
    "uploaded_at": "2025-09-16T06:01:35.818Z",
    "uploaded_by": null
  }
},
{
  "model": "accounts.photo",
  "pk": 151,
  "fields": {
    "album": 13,
    "image": "album_photos/516430796_24675728215358773_653390612864592049_n.jpg",
    "uploaded_at": "2025-09-16T06:01:35.833Z",
    "uploaded_by": null
  }
},
{
  "model": "accounts.photo",
  "pk": 152,
  "fields": {
    "album": 13,
    "image": "album_photos/516579273_24675728165358778_7232418189218318405_n.jpg",
    "uploaded_at": "2025-09-16T06:01:35.847Z",
    "uploaded_by": null
  }
},
{
  "model": "accounts.photo",
  "pk": 153,
  "fields": {
    "album": 13,
    "image": "album_photos/516620689_24675727995358795_6157782596809635126_n.jpg",
    "uploaded_at": "2025-09-16T06:01:35.869Z",
    "uploaded_by": null
  }
},
{
  "model": "accounts.photo",
  "pk": 154,
  "fields": {
    "album": 13,
    "image": "album_photos/516751284_24675728005358794_992991229541630656_n.jpg",
    "uploaded_at": "2025-09-16T06:01:35.883Z",
    "uploaded_by": null
  }
},
{
  "model": "accounts.photo",
  "pk": 155,
  "fields": {
    "album": 13,
    "image": "album_photos/516759690_24675728105358784_9028516791115344492_n.jpg",
    "uploaded_at": "2025-09-16T06:01:35.897Z",
    "uploaded_by": null
  }
},
{
  "model": "accounts.photo",
  "pk": 156,
  "fields": {
    "album": 13,
    "image": "album_photos/516855607_24675728135358781_1578936075723579006_n.jpg",
    "uploaded_at": "2025-09-16T06:01:35.912Z",
    "uploaded_by": null
  }
},
{
  "model": "accounts.template",
  "pk": 12,
  "fields": {
    "title": "EXTN-QF-01 Extension Project Proposal Format",
    "description": "",
    "file": "templates/EXTN-QF-01_Extension_Project_Proposal_Format.docx",
    "uploaded_by": [
      "Chairperson"
    ],
    "uploaded_at": "2025-09-22T08:26:26.079Z"
  }
},
{
  "model": "accounts.template",
  "pk": 13,
  "fields": {
    "title": "EXTN-QF-02 Quarterly Report Format",
    "description": "",
    "file": "templates/EXTN-QF-02_Quarterly_Report_Format.docx",
    "uploaded_by": [
      "Chairperson"
    ],
    "uploaded_at": "2025-09-22T08:26:38.114Z"
  }
},
{
  "model": "accounts.template",
  "pk": 14,
  "fields": {
    "title": "EXTN-QF-03 Annual Report Format (1)",
    "description": "",
    "file": "templates/EXTN-QF-03_Annual_Report_Format_1.docx",
    "uploaded_by": [
      "Chairperson"
    ],
    "uploaded_at": "2025-09-22T08:26:50.276Z"
  }
},
{
  "model": "accounts.template",
  "pk": 15,
  "fields": {
    "title": "EXTN-QF-03 Annual Report Format (1)",
    "description": "",
    "file": "templates/EXTN-QF-04_Monitoring_and_Evaluation_Form_1.docx",
    "uploaded_by": [
      "Chairperson"
    ],
    "uploaded_at": "2025-09-22T08:27:04.633Z"
  }
},
{
  "model": "accounts.template",
  "pk": 16,
  "fields": {
    "title": "EXTN-QF-05 Periodic Monitoring Form (1)",
    "description": "",
    "file": "templates/EXTN-QF-05_Periodic_Monitoring_Form_1.docx",
    "uploaded_by": [
      "Chairperson"
    ],
    "uploaded_at": "2025-09-22T08:27:19.206Z"
  }
},
{
  "model": "accounts.template",
  "pk": 17,
  "fields": {
    "title": "EXTN-QF-05 Periodic Monitoring Form (1)",
    "description": "",
    "file": "templates/EXTN-QF-06_Terminal_Report_Format_1.docx",
    "uploaded_by": [
      "Chairperson"
    ],
    "uploaded_at": "2025-09-22T08:27:32.597Z"
  }
},
{
  "model": "accounts.template",
  "pk": 18,
  "fields": {
    "title": "EXTN-QF-07 Agency Inhouse Review Report Format (1)",
    "description": "",
    "file": "templates/EXTN-QF-07_Agency_Inhouse_Review_Report_Format_1.docx",
    "uploaded_by": [
      "Chairperson"
    ],
    "uploaded_at": "2025-09-22T08:27:45.414Z"
  }
},
{
  "model": "accounts.template",
  "pk": 19,
  "fields": {
    "title": "EXTN-QF-08 Training, Seminar, Webinar, or Activity Proposal Format (v2)",
    "description": "",
    "file": "templates/EXTN-QF-08_Training_Seminar_Webinar_or_Activity_Proposal_Format_v2.docx",
    "uploaded_by": [
      "Chairperson"
    ],
    "uploaded_at": "2025-09-22T08:28:03.835Z"
  }
},
{
  "model": "accounts.template",
  "pk": 20,
  "fields": {
    "title": "EXTN-QF-08.1 Plan of Activities",
    "description": "",
    "file": "templates/EXTN-QF-08.1_Plan_of_Activities._docx",
    "uploaded_by": [
      "Chairperson"
    ],
    "uploaded_at": "2025-09-22T08:28:34.312Z"
  }
},
{
  "model": "accounts.template",
  "pk": 21,
  "fields": {
    "title": "EXTN-QF-09 Overall Activity Evaluation Form - Livelihood (v2)",
    "description": "",
    "file": "templates/EXTN-QF-09_Overall_Activity_Evaluation_Form_-_Livelihood_v2.docx",
    "uploaded_by": [
      "Chairperson"
    ],
    "uploaded_at": "2025-09-22T08:28:47.594Z"
  }
},
{
  "model": "accounts.template",
  "pk": 22,
  "fields": {
    "title": "EXTN-QF-10 Overall Activity Evaluation Form - Technical Training (v2)",
    "description": "",
    "file": "templates/EXTN-QF-10_Overall_Activity_Evaluation_Form_-_Technical_Training_v2.docx",
    "uploaded_by": [
      "Chairperson"
    ],
    "uploaded_at": "2025-09-22T08:29:02.916Z"
  }
},
{
  "model": "accounts.template",
  "pk": 23,
  "fields": {
    "title": "EXTN-QF-11 Training, Seminar, Webinar, or Activity Report (v2)",
    "description": "",
    "file": "templates/EXTN-QF-11_Training_Seminar_Webinar_or_Activity_Report_v2.docx",
    "uploaded_by": [
      "Chairperson"
    ],
    "uploaded_at": "2025-09-22T08:29:17.591Z"
  }
},
{
  "model": "accounts.template",
  "pk": 24,
  "fields": {
    "title": "EXTN-QF-12 Property Handling Form",
    "description": "",
    "file": "templates/EXTN-QF-12_Property_Handling_Form.docx",
    "uploaded_by": [
      "Chairperson"
    ],
    "uploaded_at": "2025-09-22T08:29:37.232Z"
  }
},
{
  "model": "accounts.template",
  "pk": 25,
  "fields": {
    "title": "EXTN-QF-13 Designated Faculty Extensionist (DFE) Application Form",
    "description": "",
    "file": "templates/EXTN-QF-13_Designated_Faculty_Extensionist_DFE_Application_Form.docx",
    "uploaded_by": [
      "Chairperson"
    ],
    "uploaded_at": "2025-09-22T08:30:01.195Z"
  }
},
{
  "model": "accounts.template",
  "pk": 26,
  "fields": {
    "title": "EXTN-QF-14 Designated Faculty Extentionist (DFE) Plan of Activities",
    "description": "",
    "file": "templates/EXTN-QF-14_Designated_Faculty_Extentionist_DFE_Plan_of_Activities.docx",
    "uploaded_by": [
      "Chairperson"
    ],
    "uploaded_at": "2025-09-22T08:30:17.266Z"
  }
},
{
  "model": "accounts.template",
  "pk": 27,
  "fields": {
    "title": "EXTN-QF-15 Designated Faculty Extentionist (DFE) Routing Slip (for Initial Screening and Evaluation)",
    "description": "",
    "file": "templates/EXTN-QF-15_Designated_Faculty_Extentionist_DFE_Routing_Slip.docx",
    "uploaded_by": [
      "Chairperson"
    ],
    "uploaded_at": "2025-09-22T08:32:03.598Z"
  }
},
{
  "model": "accounts.template",
  "pk": 28,
  "fields": {
    "title": "EXTN-QF-15 Template-Program-Project-WFP",
    "description": "",
    "file": "templates/EXTN-QF-15_Template-Program-Project-WFP_.docx",
    "uploaded_by": [
      "Chairperson"
    ],
    "uploaded_at": "2025-09-22T08:32:19.548Z"
  }
},
{
  "model": "accounts.template",
  "pk": 29,
  "fields": {
    "title": "EXTN-QF-16 Designated Faculty Extentionist (DFE) Progress Report",
    "description": "",
    "file": "templates/EXTN-QF-16_Designated_Faculty_Extentionist_DFE_Progress_Report.docx",
    "uploaded_by": [
      "Chairperson"
    ],
    "uploaded_at": "2025-09-22T08:32:31.449Z"
  }
},
{
  "model": "accounts.template",
  "pk": 30,
  "fields": {
    "title": "EXTN-QF-17 Partner Satisfaction Feedback Form",
    "description": "",
    "file": "templates/EXTN-QF-17_Partner_Satisfaction_Feedback_Form.docx",
    "uploaded_by": [
      "Chairperson"
    ],
    "uploaded_at": "2025-09-22T08:32:44.245Z"
  }
},
{
  "model": "accounts.template",
  "pk": 31,
  "fields": {
    "title": "EXTN-QF-18 Attendance Sheet - Internal",
    "description": "",
    "file": "templates/EXTN-QF-18_Attendance_Sheet_-_Internal.docx",
    "uploaded_by": [
      "Chairperson"
    ],
    "uploaded_at": "2025-09-22T08:32:59.259Z"
  }
},
{
  "model": "accounts.template",
  "pk": 32,
  "fields": {
    "title": "EXTN-QF-19 Attendance Sheet - External",
    "description": "",
    "file": "templates/EXTN-QF-19_Attendance_Sheet_-_External.docx",
    "uploaded_by": [
      "Chairperson"
    ],
    "uploaded_at": "2025-09-22T08:33:11.512Z"
  }
},
{
  "model": "accounts.template",
  "pk": 33,
  "fields": {
    "title": "EXTN-QF-20 Facility or Equipment Utilization Form",
    "description": "",
    "file": "templates/EXTN-QF-20_Facility_or_Equipment_Utilization_Form.docx",
    "uploaded_by": [
      "Chairperson"
    ],
    "uploaded_at": "2025-09-22T08:33:25.142Z"
  }
},
{
  "model": "accounts.template",
  "pk": 34,
  "fields": {
    "title": "EXTN-QF-21 Technical Advisory Services Evaluation Form",
    "description": "",
    "file": "templates/EXTN-QF-21_Technical_Advisory_Services_Evaluation_Form.docx",
    "uploaded_by": [
      "Chairperson"
    ],
    "uploaded_at": "2025-09-22T08:33:37.803Z"
  }
},
{
  "model": "accounts.template",
  "pk": 35,
  "fields": {
    "title": "EXTN-QF-22 Benchmarking Evaluation Form",
    "description": "",
    "file": "templates/EXTN-QF-22_Benchmarking_Evaluation_Form.docx",
    "uploaded_by": [
      "Chairperson"
    ],
    "uploaded_at": "2025-09-22T08:33:49.983Z"
  }
},
{
  "model": "accounts.documentday",
  "pk": 20,
  "fields": {
    "document": 50,
    "title": "Session 3",
    "date": "2025-01-14",
    "created_at": "2025-10-14T08:53:38.381Z"
  }
},
{
  "model": "accounts.documentday",
  "pk": 25,
  "fields": {
    "document": 48,
    "title": "Session 1",
    "date": "2025-01-14",
    "created_at": "2025-10-14T09:06:00.703Z"
  }
},
{
  "model": "accounts.documentday",
  "pk": 31,
  "fields": {
    "document": 46,
    "title": "checking",
    "date": "2025-01-20",
    "created_at": "2025-10-20T06:42:13.918Z"
  }
},
{
  "model": "accounts.documentday",
  "pk": 32,
  "fields": {
    "document": 46,
    "title": "pdf",
    "date": "2025-02-20",
    "created_at": "2025-10-20T06:45:56.814Z"
  }
},
{
  "model": "accounts.documentday",
  "pk": 24,
  "fields": {
    "document": 49,
    "title": "Session 3",
    "date": "2025-04-14",
    "created_at": "2025-10-14T09:04:56.107Z"
  }
},
{
  "model": "accounts.documentday",
  "pk": 27,
  "fields": {
    "document": 48,
    "title": "Session 3",
    "date": "2025-07-14",
    "created_at": "2025-10-14T09:06:18.307Z"
  }
},
{
  "model": "accounts.documentday",
  "pk": 40,
  "fields": {
    "document": 52,
    "title": "cool",
    "date": "2025-09-26",
    "created_at": "2025-11-27T13:17:58.649Z"
  }
},
{
  "model": "accounts.documentday",
  "pk": 18,
  "fields": {
    "document": 50,
    "title": "Session 1",
    "date": "2025-10-14",
    "created_at": "2025-10-14T08:52:15.333Z"
  }
},
{
  "model": "accounts.documentday",
  "pk": 21,
  "fields": {
    "document": 50,
    "title": "sample",
    "date": "2025-10-14",
    "created_at": "2025-10-14T08:55:02.915Z"
  }
},
{
  "model": "accounts.documentday",
  "pk": 22,
  "fields": {
    "document": 49,
    "title": "Session 1",
    "date": "2025-10-14",
    "created_at": "2025-10-14T09:04:36.205Z"
  }
},
{
  "model": "accounts.documentday",
  "pk": 26,
  "fields": {
    "document": 48,
    "title": "Session 2",
    "date": "2025-10-14",
    "created_at": "2025-10-14T09:06:07.725Z"
  }
},
{
  "model": "accounts.documentday",
  "pk": 28,
  "fields": {
    "document": 46,
    "title": "Session 1",
    "date": "2025-10-14",
    "created_at": "2025-10-14T09:08:18.938Z"
  }
},
{
  "model": "accounts.documentday",
  "pk": 34,
  "fields": {
    "document": 56,
    "title": "session 1",
    "date": "2025-10-14",
    "created_at": "2025-11-21T06:24:07.191Z"
  }
},
{
  "model": "accounts.documentday",
  "pk": 29,
  "fields": {
    "document": 46,
    "title": "Session 2",
    "date": "2025-10-15",
    "created_at": "2025-10-14T09:08:25.539Z"
  }
},
{
  "model": "accounts.documentday",
  "pk": 30,
  "fields": {
    "document": 46,
    "title": "Session 3",
    "date": "2025-10-16",
    "created_at": "2025-10-14T09:08:32.725Z"
  }
},
{
  "model": "accounts.documentday",
  "pk": 19,
  "fields": {
    "document": 50,
    "title": "Session 2",
    "date": "2025-10-22",
    "created_at": "2025-10-14T08:53:00.246Z"
  }
},
{
  "model": "accounts.documentday",
  "pk": 23,
  "fields": {
    "document": 49,
    "title": "Session 2",
    "date": "2025-10-30",
    "created_at": "2025-10-14T09:04:42.993Z"
  }
},
{
  "model": "accounts.documentday",
  "pk": 35,
  "fields": {
    "document": 55,
    "title": "session1",
    "date": "2025-11-06",
    "created_at": "2025-11-21T06:25:38.277Z"
  }
},
{
  "model": "accounts.documentday",
  "pk": 36,
  "fields": {
    "document": 54,
    "title": "session 1",
    "date": "2025-11-10",
    "created_at": "2025-11-21T06:27:29.307Z"
  }
},
{
  "model": "accounts.documentday",
  "pk": 33,
  "fields": {
    "document": 57,
    "title": "session 1",
    "date": "2025-11-21",
    "created_at": "2025-11-21T06:19:52.850Z"
  }
},
{
  "model": "accounts.documentday",
  "pk": 39,
  "fields": {
    "document": 52,
    "title": "wawa",
    "date": "2025-11-25",
    "created_at": "2025-11-27T12:45:02.866Z"
  }
},
{
  "model": "accounts.documentday",
  "pk": 38,
  "fields": {
    "document": 52,
    "title": "session1",
    "date": "2025-11-28",
    "created_at": "2025-11-21T06:33:07.670Z"
  }
},
{
  "model": "accounts.documentday",
  "pk": 37,
  "fields": {
    "document": 53,
    "title": "session1",
    "date": "2025-12-24",
    "created_at": "2025-11-21T06:31:25.988Z"
  }
},
{
  "model": "accounts.daytrainingreport",
  "pk": 47,
  "fields": {
    "day": 40,
    "title": "wawa",
    "file": "day_training_reports/Perfume_2_3PSKofn.docx",
    "uploaded_by": [
      "DCS"
    ],
    "uploaded_at": "2025-11-27T13:18:06.971Z"
  }
},
{
  "model": "accounts.daytrainingreport",
  "pk": 46,
  "fields": {
    "day": 39,
    "title": "wewe",
    "file": "day_training_reports/Denniel_Estira_-_ITEC_111_-_Activity_7.docx",
    "uploaded_by": [
      "DCS"
    ],
    "uploaded_at": "2025-11-27T12:46:35.269Z"
  }
},
{
  "model": "accounts.daytrainingreport",
  "pk": 44,
  "fields": {
    "day": 38,
    "title": "session1",
    "file": "day_training_reports/Perfume_1_djGEgzP.docx",
    "uploaded_by": null,
    "uploaded_at": "2025-11-21T06:33:24.401Z"
  }
},
{
  "model": "accounts.daytrainingreport",
  "pk": 43,
  "fields": {
    "day": 37,
    "title": "session1",
    "file": "day_training_reports/First_aid_1_U0t3kK9.docx",
    "uploaded_by": [
      "DTE"
    ],
    "uploaded_at": "2025-11-21T06:31:39.119Z"
  }
},
{
  "model": "accounts.daytrainingreport",
  "pk": 42,
  "fields": {
    "day": 36,
    "title": "session1",
    "file": "day_training_reports/Mambog_Elementary_School_U5QmYXh.docx",
    "uploaded_by": [
      "DC"
    ],
    "uploaded_at": "2025-11-21T06:27:47.967Z"
  }
},
{
  "model": "accounts.daytrainingreport",
  "pk": 41,
  "fields": {
    "day": 35,
    "title": "session1",
    "file": "day_training_reports/First_aid_1_OUWHqkl.docx",
    "uploaded_by": [
      "BM"
    ],
    "uploaded_at": "2025-11-21T06:25:54.552Z"
  }
},
{
  "model": "accounts.daytrainingreport",
  "pk": 40,
  "fields": {
    "day": 34,
    "title": "session 1",
    "file": "day_training_reports/Perfume_1_TTAj0nM.docx",
    "uploaded_by": [
      "DAS"
    ],
    "uploaded_at": "2025-11-21T06:24:21.624Z"
  }
},
{
  "model": "accounts.daytrainingreport",
  "pk": 39,
  "fields": {
    "day": 33,
    "title": "Session 1",
    "file": "day_training_reports/Perfume_2_2e2fsfN.docx",
    "uploaded_by": [
      "HM"
    ],
    "uploaded_at": "2025-11-21T06:20:17.905Z"
  }
},
{
  "model": "accounts.daytrainingreport",
  "pk": 38,
  "fields": {
    "day": 24,
    "title": "sample",
    "file": "day_training_reports/First_aid_2.docx",
    "uploaded_by": null,
    "uploaded_at": "2025-11-20T02:56:57.928Z"
  }
},
{
  "model": "accounts.daytrainingreport",
  "pk": 36,
  "fields": {
    "day": 23,
    "title": "session 1",
    "file": "day_training_reports/Perfume_6.docx",
    "uploaded_by": null,
    "uploaded_at": "2025-11-12T03:57:50.400Z"
  }
},
{
  "model": "accounts.daytrainingreport",
  "pk": 34,
  "fields": {
    "day": 32,
    "title": "",
    "file": "day_training_reports/First_aid.pdf",
    "uploaded_by": [
      "BM"
    ],
    "uploaded_at": "2025-10-20T06:46:09.126Z"
  }
},
{
  "model": "accounts.daytrainingreport",
  "pk": 32,
  "fields": {
    "day": 30,
    "title": "",
    "file": "day_training_reports/Perfume_yur7UE8.docx",
    "uploaded_by": [
      "BM"
    ],
    "uploaded_at": "2025-10-14T09:09:01.829Z"
  }
},
{
  "model": "accounts.daytrainingreport",
  "pk": 31,
  "fields": {
    "day": 29,
    "title": "",
    "file": "day_training_reports/Intellectual_Freedom.docx",
    "uploaded_by": [
      "BM"
    ],
    "uploaded_at": "2025-10-14T09:08:52.024Z"
  }
},
{
  "model": "accounts.daytrainingreport",
  "pk": 30,
  "fields": {
    "day": 28,
    "title": "",
    "file": "day_training_reports/Perfume_uSvgd4z.docx",
    "uploaded_by": [
      "BM"
    ],
    "uploaded_at": "2025-10-14T09:08:42.666Z"
  }
},
{
  "model": "accounts.daytrainingreport",
  "pk": 29,
  "fields": {
    "day": 26,
    "title": "",
    "file": "day_training_reports/First_aid_31wOrLu.docx",
    "uploaded_by": [
      "DC"
    ],
    "uploaded_at": "2025-10-14T09:06:53.534Z"
  }
},
{
  "model": "accounts.daytrainingreport",
  "pk": 28,
  "fields": {
    "day": 27,
    "title": "",
    "file": "day_training_reports/First_aid_v9NyE1b.docx",
    "uploaded_by": [
      "DC"
    ],
    "uploaded_at": "2025-10-14T09:06:42.482Z"
  }
},
{
  "model": "accounts.daytrainingreport",
  "pk": 27,
  "fields": {
    "day": 25,
    "title": "",
    "file": "day_training_reports/First_aid.docx",
    "uploaded_by": [
      "DC"
    ],
    "uploaded_at": "2025-10-14T09:06:32.215Z"
  }
},
{
  "model": "accounts.daytrainingreport",
  "pk": 25,
  "fields": {
    "day": 22,
    "title": "",
    "file": "day_training_reports/First_aid_2_gQb594u.docx",
    "uploaded_by": null,
    "uploaded_at": "2025-10-14T09:05:25.740Z"
  }
},
{
  "model": "accounts.daytrainingreport",
  "pk": 23,
  "fields": {
    "day": 21,
    "title": "",
    "file": "day_training_reports/Mambog_Elementary_School_cByrVG8.docx",
    "uploaded_by": [
      "DTE"
    ],
    "uploaded_at": "2025-10-14T08:55:19.588Z"
  }
},
{
  "model": "accounts.daytrainingreport",
  "pk": 22,
  "fields": {
    "day": 20,
    "title": "",
    "file": "day_training_reports/Mambog_Elementary_School.pdf",
    "uploaded_by": [
      "DTE"
    ],
    "uploaded_at": "2025-10-14T08:53:45.574Z"
  }
},
{
  "model": "accounts.daytrainingreport",
  "pk": 21,
  "fields": {
    "day": 19,
    "title": "",
    "file": "day_training_reports/Gawaran_HpeEHqC.pdf",
    "uploaded_by": [
      "DTE"
    ],
    "uploaded_at": "2025-10-14T08:53:19.832Z"
  }
},
{
  "model": "accounts.daytrainingreport",
  "pk": 20,
  "fields": {
    "day": 18,
    "title": "",
    "file": "day_training_reports/Mambog_Elementary_School.docx",
    "uploaded_by": [
      "DTE"
    ],
    "uploaded_at": "2025-10-14T08:52:46.342Z"
  }
},
{
  "model": "accounts.daytrainingentry",
  "pk": 20,
  "fields": {
    "report": 22,
    "department": "DEPARTMENT OF TEACHER EDUCATION",
    "contact_person": "Jay Anne F. Salles",
    "number_email": "DTE@gmail.com",
    "coordinator_name": null,
    "coordinator_email": null,
    "project_no": "",
    "category": "",
    "title": "CLASSES Consultative Meeting at Mambog Elementary School",
    "date_conducted_text": "June 9, 2025",
    "start_date": "2025-06-09",
    "end_date": "2025-06-09",
    "number_of_days": 1,
    "number_of_days_label": null,
    "male_participants": 0,
    "female_participants": 0,
    "total_participants": 0,
    "student": 0,
    "farmer": 0,
    "fisherfolk": 0,
    "agricultural_technician": 0,
    "government_employee": 0,
    "private_employee": 0,
    "other_category": 0,
    "total_by_category": 0,
    "total_persons_trained": 0,
    "tvl_solo_parent": null,
    "tvl_4ps": null,
    "tvl_pwd": null,
    "tvl_pwd_type": "",
    "total_trainees_surveyed": 0,
    "relevance_counts": {
      "5": 10,
      "4": 10,
      "3": 10,
      "2": 10,
      "1": 10
    },
    "relevance_average": null,
    "quality_counts": {
      "5": 10,
      "4": 10,
      "3": 10,
      "2": 10,
      "1": 10
    },
    "quality_average": null,
    "timeliness_counts": {
      "5": 10,
      "4": 10,
      "3": 10,
      "2": 10,
      "1": 10
    },
    "timeliness_average": null,
    "weight_multiplier": 0.0,
    "weighted_persons": 0.0,
    "collaborating_agencies": "CANVA",
    "amount_charged_to_cvsu": "0",
    "amount_charged_to_partner_agency": "0",
    "venue": "3rd Floor, CvSU Bacoor New Academic building",
    "related_curricular_offering": null,
    "total_score": null,
    "overall_average": null,
    "created_at": "2025-10-14T08:54:00.768Z"
  }
},
{
  "model": "accounts.daytrainingentry",
  "pk": 21,
  "fields": {
    "report": 21,
    "department": "DEPARTMENT OF TEACHER EDUCATION",
    "contact_person": "Jay Anne F. Salles",
    "number_email": "DTE@gmail.com",
    "coordinator_name": null,
    "coordinator_email": null,
    "project_no": "",
    "category": "",
    "title": "Gawaran Annex of Bacoor National High School, Team Mathematics of the",
    "date_conducted_text": "June 8-9, 2022",
    "start_date": "2022-06-08",
    "end_date": "2022-06-09",
    "number_of_days": 2,
    "number_of_days_label": null,
    "male_participants": 0,
    "female_participants": 0,
    "total_participants": 0,
    "student": 0,
    "farmer": 0,
    "fisherfolk": 0,
    "agricultural_technician": 0,
    "government_employee": 0,
    "private_employee": 0,
    "other_category": 0,
    "total_by_category": 0,
    "total_persons_trained": 0,
    "tvl_solo_parent": null,
    "tvl_4ps": null,
    "tvl_pwd": null,
    "tvl_pwd_type": "",
    "total_trainees_surveyed": 0,
    "relevance_counts": {
      "5": 10,
      "4": 10,
      "3": 10,
      "2": 10,
      "1": 10
    },
    "relevance_average": null,
    "quality_counts": {
      "5": 10,
      "4": 10,
      "3": 10,
      "2": 10,
      "1": 10
    },
    "quality_average": null,
    "timeliness_counts": {
      "5": 10,
      "4": 10,
      "3": 10,
      "2": 10,
      "1": 10
    },
    "timeliness_average": null,
    "weight_multiplier": 0.0,
    "weighted_persons": 0.0,
    "collaborating_agencies": "Mambog",
    "amount_charged_to_cvsu": "0",
    "amount_charged_to_partner_agency": "0",
    "venue": "Mambog",
    "related_curricular_offering": null,
    "total_score": null,
    "overall_average": null,
    "created_at": "2025-10-14T08:54:01.036Z"
  }
},
{
  "model": "accounts.daytrainingentry",
  "pk": 22,
  "fields": {
    "report": 20,
    "department": "DEPARTMENT OF TEACHER EDUCATION",
    "contact_person": "Jay Anne F. Salles",
    "number_email": "DTE@gmail.com",
    "coordinator_name": null,
    "coordinator_email": null,
    "project_no": "",
    "category": "",
    "title": "CLASSES Consultative Meeting at Mambog Elementary School",
    "date_conducted_text": "June 9, 2025",
    "start_date": "2025-06-09",
    "end_date": "2025-06-09",
    "number_of_days": 1,
    "number_of_days_label": null,
    "male_participants": 21,
    "female_participants": 29,
    "total_participants": 9,
    "student": 3,
    "farmer": 1,
    "fisherfolk": 1,
    "agricultural_technician": 1,
    "government_employee": 1,
    "private_employee": 1,
    "other_category": 1,
    "total_by_category": 9,
    "total_persons_trained": 9,
    "tvl_solo_parent": 2,
    "tvl_4ps": null,
    "tvl_pwd": 3,
    "tvl_pwd_type": "blind",
    "total_trainees_surveyed": 50,
    "relevance_counts": {
      "5": 10,
      "4": 10,
      "3": 10,
      "2": 10,
      "1": 10
    },
    "relevance_average": 3.0,
    "quality_counts": {
      "5": 10,
      "4": 10,
      "3": 10,
      "2": 10,
      "1": 10
    },
    "quality_average": 3.0,
    "timeliness_counts": {
      "5": 10,
      "4": 10,
      "3": 10,
      "2": 10,
      "1": 10
    },
    "timeliness_average": 3.0,
    "weight_multiplier": 9.0,
    "weighted_persons": 81.0,
    "collaborating_agencies": "CANVA",
    "amount_charged_to_cvsu": "P 31,500.00",
    "amount_charged_to_partner_agency": "none",
    "venue": "3rd Floor, CvSU Bacoor New Academic building",
    "related_curricular_offering": null,
    "total_score": 9.0,
    "overall_average": 3.0,
    "created_at": "2025-10-14T08:54:01.304Z"
  }
},
{
  "model": "accounts.daytrainingentry",
  "pk": 23,
  "fields": {
    "report": 23,
    "department": "DEPARTMENT OF TEACHER EDUCATION",
    "contact_person": "Jay Anne F. Salles",
    "number_email": "DTE@gmail.com",
    "coordinator_name": null,
    "coordinator_email": null,
    "project_no": "",
    "category": "",
    "title": "CLASSES Consultative Meeting at Mambog Elementary School",
    "date_conducted_text": "June 9, 2025",
    "start_date": "2025-06-09",
    "end_date": "2025-06-09",
    "number_of_days": 1,
    "number_of_days_label": null,
    "male_participants": 21,
    "female_participants": 29,
    "total_participants": 9,
    "student": 3,
    "farmer": 1,
    "fisherfolk": 1,
    "agricultural_technician": 1,
    "government_employee": 1,
    "private_employee": 1,
    "other_category": 1,
    "total_by_category": 9,
    "total_persons_trained": 9,
    "tvl_solo_parent": 2,
    "tvl_4ps": null,
    "tvl_pwd": 3,
    "tvl_pwd_type": "blind",
    "total_trainees_surveyed": 50,
    "relevance_counts": {
      "5": 10,
      "4": 10,
      "3": 10,
      "2": 10,
      "1": 10
    },
    "relevance_average": 3.0,
    "quality_counts": {
      "5": 10,
      "4": 10,
      "3": 10,
      "2": 10,
      "1": 10
    },
    "quality_average": 3.0,
    "timeliness_counts": {
      "5": 10,
      "4": 10,
      "3": 10,
      "2": 10,
      "1": 10
    },
    "timeliness_average": 3.0,
    "weight_multiplier": 9.0,
    "weighted_persons": 81.0,
    "collaborating_agencies": "CANVA",
    "amount_charged_to_cvsu": "P 31,500.00",
    "amount_charged_to_partner_agency": "none",
    "venue": "3rd Floor, CvSU Bacoor New Academic building",
    "related_curricular_offering": null,
    "total_score": 9.0,
    "overall_average": 3.0,
    "created_at": "2025-10-14T08:55:23.908Z"
  }
},
{
  "model": "accounts.daytrainingentry",
  "pk": 24,
  "fields": {
    "report": 29,
    "department": "DEPARTMENT OF CRIMINOLOGY",
    "contact_person": "Arman C. Maribojo",
    "number_email": "DC@gmail.com",
    "coordinator_name": null,
    "coordinator_email": null,
    "project_no": "",
    "category": "",
    "title": "CRIM Preliminaries and First Aid Training at Disaster Risk Reduction Management Office- Bacoor Government Center",
    "date_conducted_text": "December 1-5, 2025",
    "start_date": "2025-12-01",
    "end_date": "2025-12-05",
    "number_of_days": 5,
    "number_of_days_label": null,
    "male_participants": 21,
    "female_participants": 29,
    "total_participants": 9,
    "student": 3,
    "farmer": 1,
    "fisherfolk": 1,
    "agricultural_technician": 1,
    "government_employee": 1,
    "private_employee": 1,
    "other_category": 1,
    "total_by_category": 9,
    "total_persons_trained": 9,
    "tvl_solo_parent": 2,
    "tvl_4ps": null,
    "tvl_pwd": 3,
    "tvl_pwd_type": "blind",
    "total_trainees_surveyed": 50,
    "relevance_counts": {
      "5": 10,
      "4": 10,
      "3": 10,
      "2": 10,
      "1": 10
    },
    "relevance_average": 3.0,
    "quality_counts": {
      "5": 10,
      "4": 10,
      "3": 10,
      "2": 10,
      "1": 10
    },
    "quality_average": 3.0,
    "timeliness_counts": {
      "5": 10,
      "4": 10,
      "3": 10,
      "2": 10,
      "1": 10
    },
    "timeliness_average": 3.0,
    "weight_multiplier": 18.0,
    "weighted_persons": 162.0,
    "collaborating_agencies": "BJMP",
    "amount_charged_to_cvsu": "P 31,500.00",
    "amount_charged_to_partner_agency": "12,000",
    "venue": "BJMP",
    "related_curricular_offering": null,
    "total_score": 9.0,
    "overall_average": 3.0,
    "created_at": "2025-10-14T09:07:10.105Z"
  }
},
{
  "model": "accounts.daytrainingentry",
  "pk": 25,
  "fields": {
    "report": 28,
    "department": "DEPARTMENT OF CRIMINOLOGY",
    "contact_person": "Arman C. Maribojo",
    "number_email": "DC@gmail.com",
    "coordinator_name": null,
    "coordinator_email": null,
    "project_no": "",
    "category": "",
    "title": "CRIM Preliminaries and First Aid Training at Disaster Risk Reduction Management Office- Bacoor Government Center",
    "date_conducted_text": "December 1-5, 2025",
    "start_date": "2025-12-01",
    "end_date": "2025-12-05",
    "number_of_days": 5,
    "number_of_days_label": null,
    "male_participants": 21,
    "female_participants": 29,
    "total_participants": 9,
    "student": 3,
    "farmer": 1,
    "fisherfolk": 1,
    "agricultural_technician": 1,
    "government_employee": 1,
    "private_employee": 1,
    "other_category": 1,
    "total_by_category": 9,
    "total_persons_trained": 9,
    "tvl_solo_parent": 2,
    "tvl_4ps": null,
    "tvl_pwd": 3,
    "tvl_pwd_type": "blind",
    "total_trainees_surveyed": 50,
    "relevance_counts": {
      "5": 10,
      "4": 10,
      "3": 10,
      "2": 10,
      "1": 10
    },
    "relevance_average": 3.0,
    "quality_counts": {
      "5": 10,
      "4": 10,
      "3": 10,
      "2": 10,
      "1": 10
    },
    "quality_average": 3.0,
    "timeliness_counts": {
      "5": 10,
      "4": 10,
      "3": 10,
      "2": 10,
      "1": 10
    },
    "timeliness_average": 3.0,
    "weight_multiplier": 18.0,
    "weighted_persons": 162.0,
    "collaborating_agencies": "BJMP",
    "amount_charged_to_cvsu": "P 31,500.00",
    "amount_charged_to_partner_agency": "12,000",
    "venue": "BJMP",
    "related_curricular_offering": null,
    "total_score": 9.0,
    "overall_average": 3.0,
    "created_at": "2025-10-14T09:07:10.177Z"
  }
},
{
  "model": "accounts.daytrainingentry",
  "pk": 26,
  "fields": {
    "report": 27,
    "department": "DEPARTMENT OF CRIMINOLOGY",
    "contact_person": "Arman C. Maribojo",
    "number_email": "DC@gmail.com",
    "coordinator_name": null,
    "coordinator_email": null,
    "project_no": "",
    "category": "",
    "title": "CRIM Preliminaries and First Aid Training at Disaster Risk Reduction Management Office- Bacoor Government Center",
    "date_conducted_text": "December 1-5, 2025",
    "start_date": "2025-12-01",
    "end_date": "2025-12-05",
    "number_of_days": 5,
    "number_of_days_label": null,
    "male_participants": 21,
    "female_participants": 29,
    "total_participants": 9,
    "student": 3,
    "farmer": 1,
    "fisherfolk": 1,
    "agricultural_technician": 1,
    "government_employee": 1,
    "private_employee": 1,
    "other_category": 1,
    "total_by_category": 9,
    "total_persons_trained": 9,
    "tvl_solo_parent": 2,
    "tvl_4ps": null,
    "tvl_pwd": 3,
    "tvl_pwd_type": "blind",
    "total_trainees_surveyed": 50,
    "relevance_counts": {
      "5": 10,
      "4": 10,
      "3": 10,
      "2": 10,
      "1": 10
    },
    "relevance_average": 3.0,
    "quality_counts": {
      "5": 10,
      "4": 10,
      "3": 10,
      "2": 10,
      "1": 10
    },
    "quality_average": 3.0,
    "timeliness_counts": {
      "5": 10,
      "4": 10,
      "3": 10,
      "2": 10,
      "1": 10
    },
    "timeliness_average": 3.0,
    "weight_multiplier": 18.0,
    "weighted_persons": 162.0,
    "collaborating_agencies": "BJMP",
    "amount_charged_to_cvsu": "P 31,500.00",
    "amount_charged_to_partner_agency": "12,000",
    "venue": "BJMP",
    "related_curricular_offering": null,
    "total_score": 9.0,
    "overall_average": 3.0,
    "created_at": "2025-10-14T09:07:10.248Z"
  }
},
{
  "model": "accounts.daytrainingentry",
  "pk": 28,
  "fields": {
    "report": 25,
    "department": "",
    "contact_person": "Alvina E Ramallosa",
    "number_email": "estiradenniel003@gmail.com",
    "coordinator_name": null,
    "coordinator_email": null,
    "project_no": "",
    "category": "",
    "title": "CRIM Preliminaries and First Aid Training at Disaster Risk Reduction Management Office- Bacoor Government Center",
    "date_conducted_text": "December 1-5, 2025",
    "start_date": "2025-12-01",
    "end_date": "2025-12-05",
    "number_of_days": 8,
    "number_of_days_label": null,
    "male_participants": 21,
    "female_participants": 29,
    "total_participants": 9,
    "student": 3,
    "farmer": 1,
    "fisherfolk": 1,
    "agricultural_technician": 1,
    "government_employee": 1,
    "private_employee": 1,
    "other_category": 1,
    "total_by_category": 9,
    "total_persons_trained": 9,
    "tvl_solo_parent": 2,
    "tvl_4ps": null,
    "tvl_pwd": 3,
    "tvl_pwd_type": "blind",
    "total_trainees_surveyed": 50,
    "relevance_counts": {
      "5": 30,
      "4": 20,
      "3": 0,
      "2": 0,
      "1": 0
    },
    "relevance_average": 4.6,
    "quality_counts": {
      "5": 10,
      "4": 10,
      "3": 10,
      "2": 10,
      "1": 10
    },
    "quality_average": 3.0,
    "timeliness_counts": {
      "5": 10,
      "4": 10,
      "3": 10,
      "2": 10,
      "1": 10
    },
    "timeliness_average": 3.0,
    "weight_multiplier": 4.5,
    "weighted_persons": 40.5,
    "collaborating_agencies": "BJMP",
    "amount_charged_to_cvsu": "P 31,500.00",
    "amount_charged_to_partner_agency": "12,000",
    "venue": "BJMP",
    "related_curricular_offering": null,
    "total_score": 10.6,
    "overall_average": 3.53,
    "created_at": "2025-10-14T09:07:10.388Z"
  }
},
{
  "model": "accounts.daytrainingentry",
  "pk": 30,
  "fields": {
    "report": 32,
    "department": "DEPARTMENT OF MANAGEMENT STUDIES (BM)",
    "contact_person": "Rosette P. Sarmiento",
    "number_email": "DMS@gmail.com",
    "coordinator_name": null,
    "coordinator_email": null,
    "project_no": "",
    "category": "",
    "title": "Session 1: 𝗣𝗲𝗿𝗳𝘂𝗺𝗲 𝗖𝗼𝘀𝘁𝗶𝗻𝗴 𝗧𝗿𝗮𝗶𝗻𝗶𝗻𝗴",
    "date_conducted_text": "April 12, 2025",
    "start_date": "2025-04-12",
    "end_date": "2025-04-12",
    "number_of_days": 8,
    "number_of_days_label": null,
    "male_participants": 21,
    "female_participants": 29,
    "total_participants": 9,
    "student": 3,
    "farmer": 1,
    "fisherfolk": 1,
    "agricultural_technician": 1,
    "government_employee": 1,
    "private_employee": 1,
    "other_category": 1,
    "total_by_category": 9,
    "total_persons_trained": 9,
    "tvl_solo_parent": 2,
    "tvl_4ps": null,
    "tvl_pwd": 3,
    "tvl_pwd_type": "blind",
    "total_trainees_surveyed": 50,
    "relevance_counts": {
      "5": 10,
      "4": 10,
      "3": 10,
      "2": 10,
      "1": 10
    },
    "relevance_average": 3.0,
    "quality_counts": {
      "5": 10,
      "4": 10,
      "3": 10,
      "2": 10,
      "1": 10
    },
    "quality_average": 3.0,
    "timeliness_counts": {
      "5": 10,
      "4": 10,
      "3": 10,
      "2": 10,
      "1": 10
    },
    "timeliness_average": 3.0,
    "weight_multiplier": 4.5,
    "weighted_persons": 40.5,
    "collaborating_agencies": "BJMP",
    "amount_charged_to_cvsu": "P 31,500.00",
    "amount_charged_to_partner_agency": "p 20,000.00",
    "venue": "BJMP",
    "related_curricular_offering": null,
    "total_score": 9.0,
    "overall_average": 3.0,
    "created_at": "2025-10-14T09:09:10.764Z"
  }
},
{
  "model": "accounts.daytrainingentry",
  "pk": 31,
  "fields": {
    "report": 31,
    "department": "DEPARTMENT OF MANAGEMENT STUDIES (BM)",
    "contact_person": "Rosette P. Sarmiento",
    "number_email": "DMS@gmail.com",
    "coordinator_name": null,
    "coordinator_email": null,
    "project_no": "",
    "category": "",
    "title": "Upskilling the PDLs in their Journey towards Intellectual Freedom.",
    "date_conducted_text": "June 8-10, 205",
    "start_date": null,
    "end_date": null,
    "number_of_days": 3,
    "number_of_days_label": null,
    "male_participants": 50,
    "female_participants": 0,
    "total_participants": 50,
    "student": 5,
    "farmer": 7,
    "fisherfolk": 4,
    "agricultural_technician": 2,
    "government_employee": 8,
    "private_employee": 9,
    "other_category": 6,
    "total_by_category": 50,
    "total_persons_trained": 50,
    "tvl_solo_parent": 2,
    "tvl_4ps": null,
    "tvl_pwd": 3,
    "tvl_pwd_type": "blind, PILAY",
    "total_trainees_surveyed": 50,
    "relevance_counts": {
      "5": 10,
      "4": 10,
      "3": 10,
      "2": 10,
      "1": 10
    },
    "relevance_average": 3.0,
    "quality_counts": {
      "5": 10,
      "4": 10,
      "3": 10,
      "2": 10,
      "1": 10
    },
    "quality_average": 3.0,
    "timeliness_counts": {
      "5": 10,
      "4": 10,
      "3": 10,
      "2": 10,
      "1": 10
    },
    "timeliness_average": 3.0,
    "weight_multiplier": 75.0,
    "weighted_persons": 3750.0,
    "collaborating_agencies": "Mambog",
    "amount_charged_to_cvsu": "P 31,500.00",
    "amount_charged_to_partner_agency": "none",
    "venue": "Sm Bacoor",
    "related_curricular_offering": null,
    "total_score": 9.0,
    "overall_average": 3.0,
    "created_at": "2025-10-14T09:09:10.840Z"
  }
},
{
  "model": "accounts.daytrainingentry",
  "pk": 32,
  "fields": {
    "report": 30,
    "department": "DEPARTMENT OF MANAGEMENT STUDIES (BM)",
    "contact_person": "Rosette P. Sarmiento",
    "number_email": "DMS@gmail.com",
    "coordinator_name": null,
    "coordinator_email": null,
    "project_no": "",
    "category": "",
    "title": "Session 1: 𝗣𝗲𝗿𝗳𝘂𝗺𝗲 𝗖𝗼𝘀𝘁𝗶𝗻𝗴 𝗧𝗿𝗮𝗶𝗻𝗶𝗻𝗴",
    "date_conducted_text": "April 12, 2025",
    "start_date": "2025-04-12",
    "end_date": "2025-04-12",
    "number_of_days": 8,
    "number_of_days_label": null,
    "male_participants": 21,
    "female_participants": 29,
    "total_participants": 9,
    "student": 3,
    "farmer": 1,
    "fisherfolk": 1,
    "agricultural_technician": 1,
    "government_employee": 1,
    "private_employee": 1,
    "other_category": 1,
    "total_by_category": 9,
    "total_persons_trained": 9,
    "tvl_solo_parent": 2,
    "tvl_4ps": null,
    "tvl_pwd": 3,
    "tvl_pwd_type": "blind",
    "total_trainees_surveyed": 50,
    "relevance_counts": {
      "5": 10,
      "4": 10,
      "3": 10,
      "2": 10,
      "1": 10
    },
    "relevance_average": 3.0,
    "quality_counts": {
      "5": 10,
      "4": 10,
      "3": 10,
      "2": 10,
      "1": 10
    },
    "quality_average": 3.0,
    "timeliness_counts": {
      "5": 10,
      "4": 10,
      "3": 10,
      "2": 10,
      "1": 10
    },
    "timeliness_average": 3.0,
    "weight_multiplier": 4.5,
    "weighted_persons": 40.5,
    "collaborating_agencies": "BJMP",
    "amount_charged_to_cvsu": "P 31,500.00",
    "amount_charged_to_partner_agency": "p 20,000.00",
    "venue": "BJMP",
    "related_curricular_offering": null,
    "total_score": 9.0,
    "overall_average": 3.0,
    "created_at": "2025-10-14T09:09:10.914Z"
  }
},
{
  "model": "accounts.daytrainingentry",
  "pk": 34,
  "fields": {
    "report": 34,
    "department": "DEPARTMENT OF MANAGEMENT STUDIES (BM)",
    "contact_person": "Rosette P. Sarmiento",
    "number_email": "DMS@gmail.com",
    "coordinator_name": null,
    "coordinator_email": null,
    "project_no": "",
    "category": "",
    "title": "CRIM Preliminaries and First Aid Training at Disaster Risk Reduction",
    "date_conducted_text": "December 1-5, 2025",
    "start_date": "2025-12-01",
    "end_date": "2025-12-05",
    "number_of_days": 5,
    "number_of_days_label": null,
    "male_participants": 0,
    "female_participants": 0,
    "total_participants": 0,
    "student": 0,
    "farmer": 0,
    "fisherfolk": 0,
    "agricultural_technician": 0,
    "government_employee": 0,
    "private_employee": 0,
    "other_category": 0,
    "total_by_category": 0,
    "total_persons_trained": 0,
    "tvl_solo_parent": null,
    "tvl_4ps": null,
    "tvl_pwd": null,
    "tvl_pwd_type": "",
    "total_trainees_surveyed": 0,
    "relevance_counts": {
      "5": 10,
      "4": 10,
      "3": 10,
      "2": 10,
      "1": 10
    },
    "relevance_average": null,
    "quality_counts": {
      "5": 10,
      "4": 10,
      "3": 10,
      "2": 10,
      "1": 10
    },
    "quality_average": null,
    "timeliness_counts": {
      "5": 10,
      "4": 10,
      "3": 10,
      "2": 10,
      "1": 10
    },
    "timeliness_average": null,
    "weight_multiplier": 0.0,
    "weighted_persons": 0.0,
    "collaborating_agencies": "BJMP",
    "amount_charged_to_cvsu": "0",
    "amount_charged_to_partner_agency": "0",
    "venue": "BJMP",
    "related_curricular_offering": null,
    "total_score": null,
    "overall_average": null,
    "created_at": "2025-10-20T06:46:21.428Z"
  }
},
{
  "model": "accounts.daytrainingentry",
  "pk": 35,
  "fields": {
    "report": 36,
    "department": "",
    "contact_person": "Alvina E Ramallosa",
    "number_email": "estiradenniel003@gmail.com",
    "coordinator_name": null,
    "coordinator_email": null,
    "project_no": "",
    "category": "BE",
    "title": "Session 1: 𝗣𝗲𝗿𝗳𝘂𝗺𝗲 𝗖𝗼𝘀𝘁𝗶𝗻𝗴 𝗧𝗿𝗮𝗶𝗻𝗶𝗻𝗴",
    "date_conducted_text": "April 12, 2025",
    "start_date": "2025-04-12",
    "end_date": "2025-04-12",
    "number_of_days": 8,
    "number_of_days_label": null,
    "male_participants": 21,
    "female_participants": 29,
    "total_participants": 50,
    "student": 3,
    "farmer": 1,
    "fisherfolk": 1,
    "agricultural_technician": 1,
    "government_employee": 1,
    "private_employee": 1,
    "other_category": 1,
    "total_by_category": 50,
    "total_persons_trained": 50,
    "tvl_solo_parent": 2,
    "tvl_4ps": null,
    "tvl_pwd": 3,
    "tvl_pwd_type": "blind",
    "total_trainees_surveyed": 50,
    "relevance_counts": {
      "5": 10,
      "4": 10,
      "3": 10,
      "2": 10,
      "1": 10
    },
    "relevance_average": 3.0,
    "quality_counts": {
      "5": 10,
      "4": 10,
      "3": 10,
      "2": 10,
      "1": 10
    },
    "quality_average": 3.0,
    "timeliness_counts": {
      "5": 10,
      "4": 10,
      "3": 10,
      "2": 10,
      "1": 10
    },
    "timeliness_average": 3.0,
    "weight_multiplier": 25.0,
    "weighted_persons": 1250.0,
    "collaborating_agencies": "BJMP",
    "amount_charged_to_cvsu": "P 31,500.00",
    "amount_charged_to_partner_agency": "p 20,000.00",
    "venue": "BJMP",
    "related_curricular_offering": null,
    "total_score": 9.0,
    "overall_average": 3.0,
    "created_at": "2025-11-12T03:58:03.168Z"
  }
},
{
  "model": "accounts.daytrainingentry",
  "pk": 37,
  "fields": {
    "report": 38,
    "department": "",
    "contact_person": "Alvina E Ramallosa",
    "number_email": "estiradenniel003@gmail.com",
    "coordinator_name": null,
    "coordinator_email": null,
    "project_no": "",
    "category": "",
    "title": "CRIM Preliminaries and First Aid Training at Disaster Risk Reduction Management Office- Bacoor Government Center",
    "date_conducted_text": "December 1-5, 2025",
    "start_date": "2025-12-01",
    "end_date": "2025-12-05",
    "number_of_days": 8,
    "number_of_days_label": null,
    "male_participants": 21,
    "female_participants": 29,
    "total_participants": 9,
    "student": 3,
    "farmer": 1,
    "fisherfolk": 1,
    "agricultural_technician": 1,
    "government_employee": 1,
    "private_employee": 1,
    "other_category": 1,
    "total_by_category": 9,
    "total_persons_trained": 9,
    "tvl_solo_parent": 2,
    "tvl_4ps": null,
    "tvl_pwd": 3,
    "tvl_pwd_type": "blind",
    "total_trainees_surveyed": 50,
    "relevance_counts": {
      "5": 30,
      "4": 20,
      "3": 0,
      "2": 0,
      "1": 0
    },
    "relevance_average": 4.6,
    "quality_counts": {
      "5": 10,
      "4": 10,
      "3": 10,
      "2": 10,
      "1": 10
    },
    "quality_average": 3.0,
    "timeliness_counts": {
      "5": 10,
      "4": 10,
      "3": 10,
      "2": 10,
      "1": 10
    },
    "timeliness_average": 3.0,
    "weight_multiplier": 4.5,
    "weighted_persons": 40.5,
    "collaborating_agencies": "BJMP",
    "amount_charged_to_cvsu": "P 31,500.00",
    "amount_charged_to_partner_agency": "12,000",
    "venue": "BJMP",
    "related_curricular_offering": null,
    "total_score": 10.6,
    "overall_average": 3.53,
    "created_at": "2025-11-20T02:57:15.575Z"
  }
},
{
  "model": "accounts.daytrainingentry",
  "pk": 38,
  "fields": {
    "report": 39,
    "department": "DEPARTMENT OF MANAGEMENT STUDIES (HM)",
    "contact_person": "Francis P. Paredes",
    "number_email": "HM@gmail.com",
    "coordinator_name": null,
    "coordinator_email": null,
    "project_no": "",
    "category": "",
    "title": "Session 1: 𝗣𝗲𝗿𝗳𝘂𝗺𝗲 𝗖𝗼𝘀𝘁𝗶𝗻𝗴 𝗧𝗿𝗮𝗶𝗻𝗶𝗻𝗴",
    "date_conducted_text": "April 12, 2025",
    "start_date": "2025-04-12",
    "end_date": "2025-04-12",
    "number_of_days": 8,
    "number_of_days_label": null,
    "male_participants": 21,
    "female_participants": 29,
    "total_participants": 50,
    "student": 3,
    "farmer": 1,
    "fisherfolk": 1,
    "agricultural_technician": 1,
    "government_employee": 1,
    "private_employee": 1,
    "other_category": 1,
    "total_by_category": 50,
    "total_persons_trained": 50,
    "tvl_solo_parent": 2,
    "tvl_4ps": null,
    "tvl_pwd": 3,
    "tvl_pwd_type": "blind",
    "total_trainees_surveyed": 50,
    "relevance_counts": {
      "5": 10,
      "4": 10,
      "3": 10,
      "2": 10,
      "1": 10
    },
    "relevance_average": 3.0,
    "quality_counts": {
      "5": 10,
      "4": 10,
      "3": 10,
      "2": 10,
      "1": 10
    },
    "quality_average": 3.0,
    "timeliness_counts": {
      "5": 10,
      "4": 10,
      "3": 10,
      "2": 10,
      "1": 10
    },
    "timeliness_average": 3.0,
    "weight_multiplier": 25.0,
    "weighted_persons": 1250.0,
    "collaborating_agencies": "BJMP",
    "amount_charged_to_cvsu": "P 31,500.00",
    "amount_charged_to_partner_agency": "p 20,000.00",
    "venue": "BJMP",
    "related_curricular_offering": null,
    "total_score": 9.0,
    "overall_average": 3.0,
    "created_at": "2025-11-21T06:21:19.733Z"
  }
},
{
  "model": "accounts.daytrainingentry",
  "pk": 39,
  "fields": {
    "report": 44,
    "department": "",
    "contact_person": "Alvina E Ramallosa",
    "number_email": "estiradenniel003@gmail.com",
    "coordinator_name": null,
    "coordinator_email": null,
    "project_no": "",
    "category": "",
    "title": "Session 1: 𝗣𝗲𝗿𝗳𝘂𝗺𝗲 𝗖𝗼𝘀𝘁𝗶𝗻𝗴 𝗧𝗿𝗮𝗶𝗻𝗶𝗻𝗴",
    "date_conducted_text": "April 12, 2025",
    "start_date": "2025-04-12",
    "end_date": "2025-04-12",
    "number_of_days": 8,
    "number_of_days_label": null,
    "male_participants": 21,
    "female_participants": 29,
    "total_participants": 9,
    "student": 3,
    "farmer": 1,
    "fisherfolk": 1,
    "agricultural_technician": 1,
    "government_employee": 1,
    "private_employee": 1,
    "other_category": 1,
    "total_by_category": 9,
    "total_persons_trained": 9,
    "tvl_solo_parent": 2,
    "tvl_4ps": null,
    "tvl_pwd": 3,
    "tvl_pwd_type": "blind",
    "total_trainees_surveyed": 50,
    "relevance_counts": {
      "5": 10,
      "4": 10,
      "3": 10,
      "2": 10,
      "1": 10
    },
    "relevance_average": 3.0,
    "quality_counts": {
      "5": 10,
      "4": 10,
      "3": 10,
      "2": 10,
      "1": 10
    },
    "quality_average": 3.0,
    "timeliness_counts": {
      "5": 10,
      "4": 10,
      "3": 10,
      "2": 10,
      "1": 10
    },
    "timeliness_average": 3.0,
    "weight_multiplier": 4.5,
    "weighted_persons": 40.5,
    "collaborating_agencies": "BJMP",
    "amount_charged_to_cvsu": "P 31,500.00",
    "amount_charged_to_partner_agency": "p 20,000.00",
    "venue": "BJMP",
    "related_curricular_offering": null,
    "total_score": 9.0,
    "overall_average": 3.0,
    "created_at": "2025-11-21T06:33:49.065Z"
  }
},
{
  "model": "accounts.daytrainingentry",
  "pk": 40,
  "fields": {
    "report": 43,
    "department": "DEPARTMENT OF TEACHER EDUCATION",
    "contact_person": "Jay Anne F. Salles",
    "number_email": "DTE@gmail.com",
    "coordinator_name": null,
    "coordinator_email": null,
    "project_no": "",
    "category": "",
    "title": "CRIM Preliminaries and First Aid Training at Disaster Risk Reduction Management Office- Bacoor Government Center",
    "date_conducted_text": "December 1-5, 2025",
    "start_date": "2025-12-01",
    "end_date": "2025-12-05",
    "number_of_days": 3,
    "number_of_days_label": null,
    "male_participants": 21,
    "female_participants": 29,
    "total_participants": 9,
    "student": 3,
    "farmer": 1,
    "fisherfolk": 1,
    "agricultural_technician": 1,
    "government_employee": 1,
    "private_employee": 1,
    "other_category": 1,
    "total_by_category": 9,
    "total_persons_trained": 9,
    "tvl_solo_parent": 2,
    "tvl_4ps": null,
    "tvl_pwd": 3,
    "tvl_pwd_type": "blind",
    "total_trainees_surveyed": 50,
    "relevance_counts": {
      "5": 30,
      "4": 20,
      "3": 0,
      "2": 0,
      "1": 0
    },
    "relevance_average": 4.6,
    "quality_counts": {
      "5": 10,
      "4": 10,
      "3": 10,
      "2": 10,
      "1": 10
    },
    "quality_average": 3.0,
    "timeliness_counts": {
      "5": 10,
      "4": 10,
      "3": 10,
      "2": 10,
      "1": 10
    },
    "timeliness_average": 3.0,
    "weight_multiplier": 13.5,
    "weighted_persons": 121.5,
    "collaborating_agencies": "BJMP",
    "amount_charged_to_cvsu": "P 31,500.00",
    "amount_charged_to_partner_agency": "12,000",
    "venue": "BJMP",
    "related_curricular_offering": null,
    "total_score": 10.6,
    "overall_average": 3.53,
    "created_at": "2025-11-21T06:33:49.132Z"
  }
},
{
  "model": "accounts.daytrainingentry",
  "pk": 41,
  "fields": {
    "report": 42,
    "department": "DEPARTMENT OF CRIMINOLOGY",
    "contact_person": "Arman C. Maribojo",
    "number_email": "DC@gmail.com",
    "coordinator_name": null,
    "coordinator_email": null,
    "project_no": "",
    "category": "",
    "title": "CLASSES Consultative Meeting at Mambog Elementary School",
    "date_conducted_text": "June 9, 2025",
    "start_date": "2025-06-09",
    "end_date": "2025-06-09",
    "number_of_days": 1,
    "number_of_days_label": null,
    "male_participants": 21,
    "female_participants": 29,
    "total_participants": 9,
    "student": 3,
    "farmer": 1,
    "fisherfolk": 1,
    "agricultural_technician": 1,
    "government_employee": 1,
    "private_employee": 1,
    "other_category": 1,
    "total_by_category": 9,
    "total_persons_trained": 9,
    "tvl_solo_parent": 2,
    "tvl_4ps": null,
    "tvl_pwd": 3,
    "tvl_pwd_type": "blind",
    "total_trainees_surveyed": 50,
    "relevance_counts": {
      "5": 10,
      "4": 10,
      "3": 10,
      "2": 10,
      "1": 10
    },
    "relevance_average": 3.0,
    "quality_counts": {
      "5": 10,
      "4": 10,
      "3": 10,
      "2": 10,
      "1": 10
    },
    "quality_average": 3.0,
    "timeliness_counts": {
      "5": 10,
      "4": 10,
      "3": 10,
      "2": 10,
      "1": 10
    },
    "timeliness_average": 3.0,
    "weight_multiplier": 9.0,
    "weighted_persons": 81.0,
    "collaborating_agencies": "CANVA",
    "amount_charged_to_cvsu": "P 31,500.00",
    "amount_charged_to_partner_agency": "none",
    "venue": "3rd Floor, CvSU Bacoor New Academic building",
    "related_curricular_offering": null,
    "total_score": 9.0,
    "overall_average": 3.0,
    "created_at": "2025-11-21T06:33:49.204Z"
  }
},
{
  "model": "accounts.daytrainingentry",
  "pk": 42,
  "fields": {
    "report": 41,
    "department": "DEPARTMENT OF MANAGEMENT STUDIES (BM)",
    "contact_person": "Rosette P. Sarmiento",
    "number_email": "DMS@gmail.com",
    "coordinator_name": null,
    "coordinator_email": null,
    "project_no": "",
    "category": "",
    "title": "CRIM Preliminaries and First Aid Training at Disaster Risk Reduction Management Office- Bacoor Government Center",
    "date_conducted_text": "December 1-5, 2025",
    "start_date": "2025-12-01",
    "end_date": "2025-12-05",
    "number_of_days": 3,
    "number_of_days_label": null,
    "male_participants": 21,
    "female_participants": 29,
    "total_participants": 9,
    "student": 3,
    "farmer": 1,
    "fisherfolk": 1,
    "agricultural_technician": 1,
    "government_employee": 1,
    "private_employee": 1,
    "other_category": 1,
    "total_by_category": 9,
    "total_persons_trained": 9,
    "tvl_solo_parent": 2,
    "tvl_4ps": null,
    "tvl_pwd": 3,
    "tvl_pwd_type": "blind",
    "total_trainees_surveyed": 50,
    "relevance_counts": {
      "5": 30,
      "4": 20,
      "3": 0,
      "2": 0,
      "1": 0
    },
    "relevance_average": 4.6,
    "quality_counts": {
      "5": 10,
      "4": 10,
      "3": 10,
      "2": 10,
      "1": 10
    },
    "quality_average": 3.0,
    "timeliness_counts": {
      "5": 10,
      "4": 10,
      "3": 10,
      "2": 10,
      "1": 10
    },
    "timeliness_average": 3.0,
    "weight_multiplier": 13.5,
    "weighted_persons": 121.5,
    "collaborating_agencies": "BJMP",
    "amount_charged_to_cvsu": "P 31,500.00",
    "amount_charged_to_partner_agency": "12,000",
    "venue": "BJMP",
    "related_curricular_offering": null,
    "total_score": 10.6,
    "overall_average": 3.53,
    "created_at": "2025-11-21T06:33:49.269Z"
  }
},
{
  "model": "accounts.daytrainingentry",
  "pk": 43,
  "fields": {
    "report": 40,
    "department": "DEPARTMENT OF ARTS AND SCIENCES",
    "contact_person": "Anarose M. Rupido",
    "number_email": "DAS@gmail.com",
    "coordinator_name": null,
    "coordinator_email": null,
    "project_no": "",
    "category": "",
    "title": "Session 1: 𝗣𝗲𝗿𝗳𝘂𝗺𝗲 𝗖𝗼𝘀𝘁𝗶𝗻𝗴 𝗧𝗿𝗮𝗶𝗻𝗶𝗻𝗴",
    "date_conducted_text": "April 12, 2025",
    "start_date": "2025-04-12",
    "end_date": "2025-04-12",
    "number_of_days": 8,
    "number_of_days_label": null,
    "male_participants": 21,
    "female_participants": 29,
    "total_participants": 9,
    "student": 3,
    "farmer": 1,
    "fisherfolk": 1,
    "agricultural_technician": 1,
    "government_employee": 1,
    "private_employee": 1,
    "other_category": 1,
    "total_by_category": 9,
    "total_persons_trained": 9,
    "tvl_solo_parent": 2,
    "tvl_4ps": null,
    "tvl_pwd": 3,
    "tvl_pwd_type": "blind",
    "total_trainees_surveyed": 50,
    "relevance_counts": {
      "5": 10,
      "4": 10,
      "3": 10,
      "2": 10,
      "1": 10
    },
    "relevance_average": 3.0,
    "quality_counts": {
      "5": 10,
      "4": 10,
      "3": 10,
      "2": 10,
      "1": 10
    },
    "quality_average": 3.0,
    "timeliness_counts": {
      "5": 10,
      "4": 10,
      "3": 10,
      "2": 10,
      "1": 10
    },
    "timeliness_average": 3.0,
    "weight_multiplier": 4.5,
    "weighted_persons": 40.5,
    "collaborating_agencies": "BJMP",
    "amount_charged_to_cvsu": "P 31,500.00",
    "amount_charged_to_partner_agency": "p 20,000.00",
    "venue": "BJMP",
    "related_curricular_offering": null,
    "total_score": 9.0,
    "overall_average": 3.0,
    "created_at": "2025-11-21T06:33:49.340Z"
  }
},
{
  "model": "accounts.daytrainingentry",
  "pk": 44,
  "fields": {
    "report": 46,
    "department": "DEPARTMENT OF COMPUTER STUDIES",
    "contact_person": "Alvina E. Ramallosa",
    "number_email": "DCS@gmail.com",
    "coordinator_name": "",
    "coordinator_email": "",
    "project_no": "",
    "category": "",
    "title": "",
    "date_conducted_text": "",
    "start_date": null,
    "end_date": null,
    "number_of_days": 0,
    "number_of_days_label": null,
    "male_participants": 0,
    "female_participants": 0,
    "total_participants": 0,
    "student": 0,
    "farmer": 0,
    "fisherfolk": 0,
    "agricultural_technician": 0,
    "government_employee": 0,
    "private_employee": 0,
    "other_category": 0,
    "total_by_category": 0,
    "total_persons_trained": 0,
    "tvl_solo_parent": null,
    "tvl_4ps": null,
    "tvl_pwd": null,
    "tvl_pwd_type": "",
    "total_trainees_surveyed": 0,
    "relevance_counts": {},
    "relevance_average": null,
    "quality_counts": {},
    "quality_average": null,
    "timeliness_counts": {},
    "timeliness_average": null,
    "weight_multiplier": 0.0,
    "weighted_persons": null,
    "collaborating_agencies": "",
    "amount_charged_to_cvsu": "0",
    "amount_charged_to_partner_agency": "0",
    "venue": "",
    "related_curricular_offering": "Bachelor of Science in Computer Science, Bachelor of Science in Information Technology",
    "total_score": null,
    "overall_average": null,
    "created_at": "2025-11-27T13:13:31.294Z"
  }
},
{
  "model": "accounts.daytrainingentry",
  "pk": 45,
  "fields": {
    "report": 47,
    "department": "DEPARTMENT OF COMPUTER STUDIES",
    "contact_person": "Alvina E. Ramallosa",
    "number_email": "DCS@gmail.com",
    "coordinator_name": "",
    "coordinator_email": "",
    "project_no": "",
    "category": "",
    "title": "Session 1: 𝗣𝗲𝗿𝗳𝘂𝗺𝗲 𝗖𝗼𝘀𝘁𝗶𝗻𝗴 𝗧𝗿𝗮𝗶𝗻𝗶𝗻𝗴",
    "date_conducted_text": "April 12, 2025",
    "start_date": "2025-04-12",
    "end_date": "2025-04-12",
    "number_of_days": 8,
    "number_of_days_label": null,
    "male_participants": 21,
    "female_participants": 29,
    "total_participants": 50,
    "student": 3,
    "farmer": 1,
    "fisherfolk": 1,
    "agricultural_technician": 1,
    "government_employee": 1,
    "private_employee": 1,
    "other_category": 1,
    "total_by_category": 50,
    "total_persons_trained": 50,
    "tvl_solo_parent": 2,
    "tvl_4ps": null,
    "tvl_pwd": 3,
    "tvl_pwd_type": "blind",
    "total_trainees_surveyed": 50,
    "relevance_counts": {
      "5": 10,
      "4": 10,
      "3": 10,
      "2": 10,
      "1": 10
    },
    "relevance_average": 3.0,
    "quality_counts": {
      "5": 10,
      "4": 10,
      "3": 10,
      "2": 10,
      "1": 10
    },
    "quality_average": 3.0,
    "timeliness_counts": {
      "5": 10,
      "4": 10,
      "3": 10,
      "2": 10,
      "1": 10
    },
    "timeliness_average": 3.0,
    "weight_multiplier": 25.0,
    "weighted_persons": null,
    "collaborating_agencies": "BJMP",
    "amount_charged_to_cvsu": "P 31,500.00",
    "amount_charged_to_partner_agency": "p 20,000.00",
    "venue": "BJMP",
    "related_curricular_offering": "Bachelor of Science in Computer Science, Bachelor of Science in Information Technology",
    "total_score": 9.0,
    "overall_average": 3.0,
    "created_at": "2025-11-27T13:18:19.419Z"
  }
},
{
  "model": "accounts.documentdayfile",
  "pk": 8,
  "fields": {
    "day": 38,
    "doc1": "",
    "doc2": "day_documents/Perfume_2_3PSKofn_D8d8YN9.docx",
    "doc3": "",
    "doc4": "",
    "doc5": "",
    "doc1_status": "normal",
    "doc2_status": "normal",
    "doc3_status": "normal",
    "doc4_status": "normal",
    "doc5_status": "normal",
    "uploaded_by": null,
    "uploaded_at": "2025-11-21T06:33:33.815Z"
  }
},
{
  "model": "accounts.documentdayfile",
  "pk": 7,
  "fields": {
    "day": 37,
    "doc1": "",
    "doc2": "day_documents/Perfume_2_3PSKofn.docx",
    "doc3": "",
    "doc4": "",
    "doc5": "",
    "doc1_status": "normal",
    "doc2_status": "normal",
    "doc3_status": "normal",
    "doc4_status": "normal",
    "doc5_status": "normal",
    "uploaded_by": null,
    "uploaded_at": "2025-11-21T06:31:51.751Z"
  }
},
{
  "model": "accounts.documentdayfile",
  "pk": 6,
  "fields": {
    "day": 36,
    "doc1": "day_documents/Perfume_2.docx",
    "doc2": "",
    "doc3": "",
    "doc4": "",
    "doc5": "",
    "doc1_status": "normal",
    "doc2_status": "normal",
    "doc3_status": "normal",
    "doc4_status": "normal",
    "doc5_status": "normal",
    "uploaded_by": null,
    "uploaded_at": "2025-11-21T06:27:58.643Z"
  }
},
{
  "model": "accounts.documentdayfile",
  "pk": 5,
  "fields": {
    "day": 35,
    "doc1": "day_documents/First_aid_1_VplYL38.docx",
    "doc2": "",
    "doc3": "",
    "doc4": "",
    "doc5": "",
    "doc1_status": "normal",
    "doc2_status": "normal",
    "doc3_status": "normal",
    "doc4_status": "normal",
    "doc5_status": "normal",
    "uploaded_by": null,
    "uploaded_at": "2025-11-21T06:26:09.402Z"
  }
},
{
  "model": "accounts.documentdayfile",
  "pk": 4,
  "fields": {
    "day": 34,
    "doc1": "",
    "doc2": "day_documents/Perfume_1.docx",
    "doc3": "",
    "doc4": "",
    "doc5": "",
    "doc1_status": "normal",
    "doc2_status": "normal",
    "doc3_status": "normal",
    "doc4_status": "normal",
    "doc5_status": "normal",
    "uploaded_by": null,
    "uploaded_at": "2025-11-21T06:24:33.730Z"
  }
},
{
  "model": "accounts.documentdayfile",
  "pk": 3,
  "fields": {
    "day": 33,
    "doc1": "day_documents/2025-CvSU-Bacoor-EXTENSION-SERVICES-ORG-CHART.pdf",
    "doc2": "",
    "doc3": "",
    "doc4": "",
    "doc5": "",
    "doc1_status": "revision",
    "doc2_status": "normal",
    "doc3_status": "normal",
    "doc4_status": "normal",
    "doc5_status": "normal",
    "uploaded_by": null,
    "uploaded_at": "2025-11-21T06:20:33.483Z"
  }
},
{
  "model": "accounts.documentdayfile",
  "pk": 2,
  "fields": {
    "day": 23,
    "doc1": "",
    "doc2": "day_documents/First_aid_1.docx",
    "doc3": "",
    "doc4": "",
    "doc5": "",
    "doc1_status": "normal",
    "doc2_status": "normal",
    "doc3_status": "normal",
    "doc4_status": "normal",
    "doc5_status": "normal",
    "uploaded_by": null,
    "uploaded_at": "2025-11-12T03:54:05.630Z"
  }
},
{
  "model": "accounts.documentdayfile",
  "pk": 1,
  "fields": {
    "day": 20,
    "doc1": "day_documents/Estira_Denniel_Activity3EthicsActivity.pdf",
    "doc2": "day_documents/First_aid.pdf",
    "doc3": "",
    "doc4": "",
    "doc5": "",
    "doc1_status": "revision",
    "doc2_status": "revision",
    "doc3_status": "normal",
    "doc4_status": "normal",
    "doc5_status": "normal",
    "uploaded_by": [
      "BM"
    ],
    "uploaded_at": "2025-10-28T06:16:33.455Z"
  }
},
{
  "model": "accounts.documentrevisionfeedback",
  "pk": 1,
  "fields": {
    "document": 50,
    "slot_name": "Activity_Proposal",
    "user": [
      "Chairperson"
    ],
    "comment": "dwadaw",
    "image": "revision_feedback/01.jpg",
    "created_at": "2025-11-06T05:52:36.612Z"
  }
},
{
  "model": "accounts.documentrevisionfeedback",
  "pk": 2,
  "fields": {
    "document": 50,
    "slot_name": "Activity_Proposal",
    "user": [
      "Chairperson"
    ],
    "comment": "dwadwad",
    "image": "",
    "created_at": "2025-11-06T07:31:22.500Z"
  }
},
{
  "model": "accounts.dayrevisionfeedback",
  "pk": 1,
  "fields": {
    "document": 50,
    "day": 20,
    "slot_name": "day_doc1",
    "user": [
      "Chairperson"
    ],
    "comment": "dwadwa",
    "image": "day_revision_feedbacks/5.png",
    "created_at": "2025-11-06T06:19:01.254Z"
  }
},
{
  "model": "accounts.dayrevisionfeedback",
  "pk": 2,
  "fields": {
    "document": 50,
    "day": 20,
    "slot_name": "day_doc1",
    "user": [
      "Chairperson"
    ],
    "comment": "dwadsa",
    "image": "day_revision_feedbacks/15.png",
    "created_at": "2025-11-06T07:05:14.240Z"
  }
},
{
  "model": "accounts.dayrevisionfeedback",
  "pk": 3,
  "fields": {
    "document": 50,
    "day": 20,
    "slot_name": "day_doc1",
    "user": [
      "Chairperson"
    ],
    "comment": "dawdawd",
    "image": "",
    "created_at": "2025-11-06T07:20:39.997Z"
  }
},
{
  "model": "accounts.dayrevisionfeedback",
  "pk": 4,
  "fields": {
    "document": 50,
    "day": 20,
    "slot_name": "day_doc1",
    "user": [
      "Chairperson"
    ],
    "comment": "dwadawd",
    "image": "",
    "created_at": "2025-11-06T07:23:42.604Z"
  }
},
{
  "model": "accounts.dayrevisionfeedback",
  "pk": 5,
  "fields": {
    "document": 50,
    "day": 20,
    "slot_name": "day_doc1",
    "user": [
      "Chairperson"
    ],
    "comment": "wdadasd",
    "image": "",
    "created_at": "2025-11-06T07:26:11.352Z"
  }
},
{
  "model": "accounts.completionrevisionfeedback",
  "pk": 2,
  "fields": {
    "document": 50,
    "completion_file": 10,
    "slot_name": "completion_doc1",
    "user": [
      "Chairperson"
    ],
    "comment": "dwadawd",
    "image": "",
    "created_at": "2025-11-06T07:24:01.957Z"
  }
},
{
  "model": "accounts.completionrevisionfeedback",
  "pk": 1,
  "fields": {
    "document": 50,
    "completion_file": 10,
    "slot_name": "completion_doc1",
    "user": [
      "Chairperson"
    ],
    "comment": "dawdwad",
    "image": "documents/completion/revision/001.jpg",
    "created_at": "2025-11-06T07:04:04.375Z"
  }
},
{
  "model": "accounts.moaresource",
  "pk": 3,
  "fields": {
    "title": "BJMP FEMALE DORMITORY",
    "logo": "moa_logos/b.png",
    "pdf_file": "moa_pdfs/BJMP_FEMALE_DORMITORY__w1bJkra.pdf",
    "uploaded_at": "2025-11-27T14:25:28.512Z"
  }
},
{
  "model": "accounts.moaresource",
  "pk": 4,
  "fields": {
    "title": "BARANGAY MOLINO 2",
    "logo": "moa_logos/d.png",
    "pdf_file": "moa_pdfs/BARANGAY_MOLINO_2.pdf",
    "uploaded_at": "2025-11-27T14:26:02.059Z"
  }
},
{
  "model": "accounts.moaresource",
  "pk": 5,
  "fields": {
    "title": "PHILLIPINE RED CROSS",
    "logo": "moa_logos/c.png",
    "pdf_file": "moa_pdfs/PHILLIPINE_RED_CROSS.pdf",
    "uploaded_at": "2025-11-27T14:26:37.728Z"
  }
},
{
  "model": "accounts.moaresource",
  "pk": 6,
  "fields": {
    "title": "MAMBOG ELEMENTARY SCHOOL",
    "logo": "moa_logos/f.png",
    "pdf_file": "moa_pdfs/MAMBOG_ELEMENTARY_SCHOOL.pdf",
    "uploaded_at": "2025-11-27T14:27:10.573Z"
  }
},
{
  "model": "accounts.moaresource",
  "pk": 7,
  "fields": {
    "title": "BJMP MALE DORMITORY",
    "logo": "moa_logos/e_hHVFApC.png",
    "pdf_file": "moa_pdfs/MAMBOG_ELEMENTARY_SCHOOL_r9cdXIm.pdf",
    "uploaded_at": "2025-11-27T14:27:44.932Z"
  }
},
{
  "model": "accounts.moaresource",
  "pk": 8,
  "fields": {
    "title": "TARA BASA",
    "logo": "moa_logos/a.png",
    "pdf_file": "moa_pdfs/PHILLIPINE_RED_CROSS_2Wf8j4d.pdf",
    "uploaded_at": "2025-11-27T14:28:12.670Z"
  }
}
]
